Timestamp,Application,octets(kbps),octets
18-01-2019,google_gen,25787.42871,211250616
18-01-2019,tcp,5.78125,47360
18-01-2019,https,364551.0035,2986401821
18-01-2019,mozilla,25857.14111,211821700
18-01-2019,firefox_update,3528.444336,28905016
18-01-2019,dns,26212.38391,214731849
18-01-2019,unknown,219.6983643,1799769
19-01-2019,mozilla,53646.65161,439473370
19-01-2019,tcp,9,73728
19-01-2019,dns,54404.96423,445685467
19-01-2019,unknown,511.7199707,4192010
19-01-2019,firefox_update,7613.459229,62369458
19-01-2019,https,763272.1248,6252725246
19-01-2019,google_gen,53116.18726,435127806
20-01-2019,dns,70345.07214,576266831
20-01-2019,google_gen,69077.1167,565879740
20-01-2019,mozilla,68615.91418,562101569
20-01-2019,tcp,9,73728
20-01-2019,unknown,681.1191406,5579728
20-01-2019,firefox_update,9983.161133,81782056
20-01-2019,ntp,3.321289063,27208
20-01-2019,https,1002103.648,8209233082
21-01-2019,mozilla,83926.20154,687523443
21-01-2019,unknown,793.0070801,6496314
21-01-2019,ocsp,104.4140625,855360
21-01-2019,https,1241044.454,10166636166
21-01-2019,ntp,5.34375,43776
21-01-2019,firefox_update,12361.25879,101263432
21-01-2019,dns,86585.09119,709305067
21-01-2019,tcp,9,73728
21-01-2019,google_gen,85304.32825,698813057
22-01-2019,unknown,1599.58313,13103785
22-01-2019,google_tags,129.501709,1060878
22-01-2019,ntp,5.34375,43776
22-01-2019,google_ads,8960.377686,73403414
22-01-2019,firefox_update,14737.66699,120730968
22-01-2019,gstatic,7204.234619,59017090
22-01-2019,google_gen,108565.236,889366413
22-01-2019,microsoft,2294.079346,18793098
22-01-2019,ocsp,1823.180176,14935492
22-01-2019,mozilla,102287.7708,837941418
22-01-2019,windowslive,643.6428223,5272722
22-01-2019,dns,112427.1964,921003593
22-01-2019,youtube,46816106.99,3.83518E+11
22-01-2019,facebook,30785.9801,252198749
22-01-2019,tcp,19.22265625,157472
22-01-2019,skype,5784.582886,47387303
22-01-2019,google_accounts,10398.64526,85185702
22-01-2019,https,1483039.171,12149056889
22-01-2019,atlassolutions,207.8193359,1702456
23-01-2019,firefox_update,17119.47363,140242728
23-01-2019,dns,150029.0521,1229037995
23-01-2019,microsoft,3258.035156,26689824
23-01-2019,skype,8232.433594,67440096
23-01-2019,gstatic,14768.62769,120984598
23-01-2019,https,1731364.123,14183334893
23-01-2019,google_tags,183.7265625,1505088
23-01-2019,unknown,2441.72583,20002618
23-01-2019,tcp,40.5,331776
23-01-2019,mozilla,119556.299,979405201
23-01-2019,facebook,50306.13586,412107865
23-01-2019,atlassolutions,296.296875,2427264
23-01-2019,windowslive,913.1484375,7480512
23-01-2019,google_ads,33753.08435,276505267
23-01-2019,google_gen,144632.9823,1184833391
23-01-2019,google_accounts,14752.75781,120854592
23-01-2019,ntp,5.34375,43776
23-01-2019,youtube,101218002.9,8.29178E+11
23-01-2019,ocsp,3422.954102,28040840
24-01-2019,windowslive,913.1484375,7480512
24-01-2019,gstatic,20059.68066,164328904
24-01-2019,google_accounts,14752.75781,120854592
24-01-2019,facebook,57785.70203,473380471
24-01-2019,youtube,101232128.7,8.29294E+11
24-01-2019,tcp,42.62939453,349220
24-01-2019,ocsp,3550.289063,29083968
24-01-2019,https,1970534.464,16142618333
24-01-2019,atlassolutions,296.296875,2427264
24-01-2019,microsoft,3258.035156,26689824
24-01-2019,skype,8232.433594,67440096
24-01-2019,dns,181904.0514,1490157989
24-01-2019,google_ads,56816.40088,465439956
24-01-2019,google_gen,179882.0033,1473593371
24-01-2019,mozilla,136004.328,1114147455
24-01-2019,unknown,2606.240845,21350325
24-01-2019,google_tags,183.7265625,1505088
24-01-2019,ntp,5.34375,43776
24-01-2019,firefox_update,19495.27051,159705256
25-01-2019,dns,213267.4293,1747086781
25-01-2019,ntp,5.34375,43776
25-01-2019,gstatic,25365.61865,207795148
25-01-2019,google_tags,183.7265625,1505088
25-01-2019,skype,8232.433594,67440096
25-01-2019,google_gen,215390.0328,1764475149
25-01-2019,facebook,65199.23059,534112097
25-01-2019,https,2210815.836,18111003332
25-01-2019,mozilla,150728.691,1234769437
25-01-2019,google_accounts,14752.75781,120854592
25-01-2019,ocsp,3550.289063,29083968
25-01-2019,google_ads,79600.59961,652088112
25-01-2019,windowslive,913.1484375,7480512
25-01-2019,unknown,2902.798096,23779722
25-01-2019,youtube,101245876.7,8.29406E+11
25-01-2019,tcp,45.5625,373248
25-01-2019,microsoft,3258.035156,26689824
25-01-2019,firefox_update,21876.0166,179208328
25-01-2019,atlassolutions,296.296875,2427264
26-01-2019,firefox_update,24261.87988,198753320
26-01-2019,youtube,101259301.4,8.29516E+11
26-01-2019,facebook,72572.85681,594516843
26-01-2019,https,2452096.131,20087571503
26-01-2019,dns,242811.6649,1989113159
26-01-2019,google_ads,100920.3243,826739297
26-01-2019,gstatic,30635.35156,250964800
26-01-2019,windowslive,913.1484375,7480512
26-01-2019,tcp,48.46240234,397004
26-01-2019,google_tags,183.7265625,1505088
26-01-2019,google_gen,250706.1595,2053784859
26-01-2019,skype,8232.433594,67440096
26-01-2019,atlassolutions,296.296875,2427264
26-01-2019,microsoft,3258.035156,26689824
26-01-2019,mozilla,165903.1051,1359078237
26-01-2019,google_accounts,14752.75781,120854592
26-01-2019,ocsp,3550.289063,29083968
26-01-2019,ntp,5.34375,43776
26-01-2019,unknown,3331.062988,27288068
27-01-2019,ocsp,3550.289063,29083968
27-01-2019,https,2694067.061,22069797365
27-01-2019,windowslive,913.1484375,7480512
27-01-2019,atlassolutions,296.296875,2427264
27-01-2019,youtube,101273064.2,8.29629E+11
27-01-2019,tcp,51.07421875,418400
27-01-2019,skype,8232.433594,67440096
27-01-2019,google_accounts,14752.75781,120854592
27-01-2019,microsoft,3258.035156,26689824
27-01-2019,dns,270241.8744,2213821435
27-01-2019,mozilla,181159.8948,1484061858
27-01-2019,google_ads,120264.6132,985207711
27-01-2019,firefox_update,26651.64453,218330272
27-01-2019,gstatic,35922.76514,294279292
27-01-2019,unknown,3670.839722,30071519
27-01-2019,ntp,8.665039063,70984
27-01-2019,facebook,79999.05591,655352266
27-01-2019,google_tags,183.7265625,1505088
27-01-2019,google_gen,285636.1735,2339931533
28-01-2019,atlassolutions,295.2680664,2418836
28-01-2019,ntp,10.65039063,87248
28-01-2019,google_gen,319483.3646,2617207723
28-01-2019,unknown,3891.493652,31879116
28-01-2019,firefox_update,28941.87854,237091869
28-01-2019,mozilla,195978.4596,1605455541
28-01-2019,google_tags,183.088623,1499862
28-01-2019,https,2932593.622,24023806950
28-01-2019,tcp,58.33251953,477860
28-01-2019,gstatic,41041.48804,336211870
28-01-2019,windowslive,909.9777832,7454538
28-01-2019,google_ads,139385.6943,1141847608
28-01-2019,google_accounts,14701.53296,120434958
28-01-2019,ocsp,3644.333008,29854376
28-01-2019,youtube,100935158.4,8.26861E+11
28-01-2019,skype,8203.848755,67205929
28-01-2019,microsoft,3246.722534,26597151
28-01-2019,dns,297306.7229,2435536674
28-01-2019,facebook,87251.30774,714762713
29-01-2019,ocsp,4152.463989,34016985
29-01-2019,google_ads,159779.5225,1308913848
29-01-2019,dns,327205.9283,2680470965
29-01-2019,mozilla,212287.8019,1739061673
29-01-2019,windowslive,913.1484375,7480512
29-01-2019,https,3189971.245,26132244435
29-01-2019,unknown,3990.839355,32692956
29-01-2019,google_gen,355983.0764,2916213362
29-01-2019,facebook,94981.42993,778087874
29-01-2019,firefox_update,31405.48828,257273760
29-01-2019,gstatic,46452.21167,380536518
29-01-2019,microsoft,3258.035156,26689824
29-01-2019,skype,8232.433594,67440096
29-01-2019,tcp,74.50585938,610352
29-01-2019,google_tags,183.7265625,1505088
29-01-2019,youtube,101300570.7,8.29854E+11
29-01-2019,ntp,10.6875,87552
29-01-2019,atlassolutions,296.296875,2427264
29-01-2019,google_accounts,14752.75781,120854592
30-01-2019,mozilla,231145.7865,1893546283
30-01-2019,ntp,10.6875,87552
30-01-2019,atlassolutions,296.296875,2427264
30-01-2019,microsoft,3258.035156,26689824
30-01-2019,ocsp,4979.814453,40794640
30-01-2019,skype,8232.433594,67440096
30-01-2019,google_tags,183.7265625,1505088
30-01-2019,unknown,4080.135254,33424468
30-01-2019,dns,356534.6152,2920731568
30-01-2019,windowslive,913.1484375,7480512
30-01-2019,tcp,86.578125,709248
30-01-2019,firefox_update,33670.60254,275829576
30-01-2019,gstatic,51722.62903,423711777
30-01-2019,https,3431828.806,28113541578
30-01-2019,facebook,102241.5743,837562977
30-01-2019,youtube,101313825.4,8.29963E+11
30-01-2019,google_accounts,14752.75781,120854592
30-01-2019,google_ads,179146.3441,1467566851
30-01-2019,google_gen,391104.2129,3203925712
31-01-2019,google_gen,426497.2477,3493865453
31-01-2019,youtube,101327224.9,8.30073E+11
31-01-2019,windowslive,913.1484375,7480512
31-01-2019,ntp,10.6875,87552
31-01-2019,mozilla,255966.4373,2096877054
31-01-2019,google_accounts,14752.75781,120854592
31-01-2019,google_ads,198371.8693,1625062353
31-01-2019,google_tags,183.7265625,1505088
31-01-2019,firefox_update,36051.64941,295335112
31-01-2019,unknown,4232.307617,34671064
31-01-2019,gstatic,56978.4928,466767813
31-01-2019,atlassolutions,296.296875,2427264
31-01-2019,tcp,91.96875,753408
31-01-2019,https,3672709.866,30086839219
31-01-2019,ocsp,5553.102539,45491016
31-01-2019,microsoft,3258.035156,26689824
31-01-2019,dns,385487.5154,3157913726
31-01-2019,skype,8232.433594,67440096
31-01-2019,facebook,109488.929,896933306
01-02-2019,google_ads,217704.076,1783431791
01-02-2019,skype,8232.433594,67440096
01-02-2019,dns,412444.7826,3378747659
01-02-2019,youtube,101340689.1,8.30183E+11
01-02-2019,ntp,10.6875,87552
01-02-2019,https,3913556.045,32059851118
01-02-2019,ocsp,5688.246094,46598112
01-02-2019,google_accounts,14752.75781,120854592
01-02-2019,facebook,116854.791,957274448
01-02-2019,tcp,91.96875,753408
01-02-2019,google_tags,183.7265625,1505088
01-02-2019,microsoft,3258.035156,26689824
01-02-2019,unknown,4454.397705,36490426
01-02-2019,mozilla,273004.0708,2236449348
01-02-2019,atlassolutions,296.296875,2427264
01-02-2019,google_gen,449704.7924,3683981659
01-02-2019,windowslive,913.1484375,7480512
01-02-2019,gstatic,59088.41016,484052256
01-02-2019,firefox_update,38435.77441,314865864
02-02-2019,https,4157936.862,34061818771
02-02-2019,ntp,10.6875,87552
02-02-2019,firefox_update,40824.18066,334431688
02-02-2019,gstatic,59088.41016,484052256
02-02-2019,google_accounts,14752.75781,120854592
02-02-2019,google_ads,237347.2906,1944349005
02-02-2019,microsoft,3258.035156,26689824
02-02-2019,google_tags,183.7265625,1505088
02-02-2019,facebook,124158.4839,1017106300
02-02-2019,dns,438827.9226,3594878342
02-02-2019,google_gen,466318.7155,3820082917
02-02-2019,mozilla,300754.488,2463780766
02-02-2019,tcp,104.0444336,852332
02-02-2019,youtube,101354201.5,8.30294E+11
02-02-2019,windowslive,913.1484375,7480512
02-02-2019,ocsp,5832.421509,47779197
02-02-2019,unknown,5010.833496,41048748
02-02-2019,skype,8232.433594,67440096
02-02-2019,atlassolutions,296.296875,2427264
03-02-2019,windowslive,913.1484375,7480512
03-02-2019,firefox_update,43196.93152,353869263
03-02-2019,mozilla,318073.5533,2605658549
03-02-2019,facebook,131531.9777,1077509961
03-02-2019,unknown,6306.671875,51664256
03-02-2019,microsoft,3258.035156,26689824
03-02-2019,atlassolutions,296.296875,2427264
03-02-2019,ntp,14.00878906,114760
03-02-2019,tcp,143.5332031,1175824
03-02-2019,google_tags,183.7265625,1505088
03-02-2019,dns,464718.8087,3806976481
03-02-2019,https,4409768.167,36124820826
03-02-2019,ocsp,6273.070313,51388992
03-02-2019,youtube,101367730.4,8.30404E+11
03-02-2019,skype,8232.433594,67440096
03-02-2019,gstatic,59088.41016,484052256
03-02-2019,google_ads,256854.6993,2104153697
03-02-2019,google_accounts,14752.75781,120854592
03-02-2019,google_gen,482340.22,3951331082
04-02-2019,microsoft,3258.035156,26689824
04-02-2019,google_accounts,14752.75781,120854592
04-02-2019,facebook,138899.0542,1137861052
04-02-2019,dns,490929.2761,4021692630
04-02-2019,skype,8232.433594,67440096
04-02-2019,youtube,101381241.4,8.30515E+11
04-02-2019,mozilla,333042.9763,2728288062
04-02-2019,google_ads,276396.0642,2264236558
04-02-2019,google_gen,498698.8247,4085340772
04-02-2019,windowslive,913.1484375,7480512
04-02-2019,atlassolutions,296.296875,2427264
04-02-2019,google_tags,183.7265625,1505088
04-02-2019,unknown,6543.940674,53607962
04-02-2019,https,4651132.182,38102074835
04-02-2019,tcp,159.46875,1306368
04-02-2019,firefox_update,45587.75537,373454892
04-02-2019,ntp,16.03125,131328
04-02-2019,gstatic,59088.41016,484052256
04-02-2019,ocsp,6402.687012,52450812
05-02-2019,ntp,16.03125,131328
05-02-2019,google_gen,515478.3407,4222798567
05-02-2019,gstatic,59088.41016,484052256
05-02-2019,facebook,146161.6923,1197356583
05-02-2019,ocsp,6805.040771,55746894
05-02-2019,atlassolutions,296.296875,2427264
05-02-2019,microsoft,3258.035156,26689824
05-02-2019,google_accounts,14752.75781,120854592
05-02-2019,dns,517828.438,4242050564
05-02-2019,https,4892140.689,40076416524
05-02-2019,skype,8232.433594,67440096
05-02-2019,youtube,101394786.1,8.30626E+11
05-02-2019,google_tags,183.7265625,1505088
05-02-2019,unknown,6648.484619,54464386
05-02-2019,tcp,159.46875,1306368
05-02-2019,google_ads,296072.1206,2425422812
05-02-2019,windowslive,913.1484375,7480512
05-02-2019,firefox_update,47975.49597,393015263
05-02-2019,mozilla,348429.5845,2854335156
06-02-2019,unknown,6934.12793,56804376
06-02-2019,ntp,16.03125,131328
06-02-2019,dns,544838.5092,4463317067
06-02-2019,windowslive,913.1484375,7480512
06-02-2019,google_tags,183.7265625,1505088
06-02-2019,atlassolutions,296.296875,2427264
06-02-2019,mozilla,365881.2366,2997299090
06-02-2019,youtube,101408422.1,8.30738E+11
06-02-2019,skype,8232.433594,67440096
06-02-2019,tcp,159.46875,1306368
06-02-2019,gstatic,59088.41016,484052256
06-02-2019,facebook,153594.1357,1258243160
06-02-2019,microsoft,3258.035156,26689824
06-02-2019,https,5134353.583,42060624555
06-02-2019,google_gen,531903.5865,4357354181
06-02-2019,google_accounts,14752.75781,120854592
06-02-2019,firefox_update,50284.71521,411932387
06-02-2019,google_ads,315470.7072,2584336033
06-02-2019,ocsp,7231.104004,59237204
07-02-2019,atlassolutions,296.296875,2427264
07-02-2019,ocsp,7550.579712,61854349
07-02-2019,ntp,16.03125,131328
07-02-2019,windowslive,913.1484375,7480512
07-02-2019,google_tags,183.7265625,1505088
07-02-2019,https,5376333.966,44042927852
07-02-2019,facebook,160952.944,1318526517
07-02-2019,youtube,101422175.9,8.3085E+11
07-02-2019,tcp,164.5209961,1347756
07-02-2019,google_accounts,14752.75781,120854592
07-02-2019,gstatic,59088.41016,484052256
07-02-2019,microsoft,3258.035156,26689824
07-02-2019,google_gen,548092.6068,4489974635
07-02-2019,google_ads,334990.7214,2744243990
07-02-2019,dns,572152.2369,4687071125
07-02-2019,mozilla,380791.3284,3119442562
07-02-2019,firefox_update,52429.74207,429504447
07-02-2019,unknown,7324.891602,60005512
07-02-2019,skype,8232.433594,67440096
08-02-2019,windowslive,913.1484375,7480512
08-02-2019,ntp,16.03125,131328
08-02-2019,google_ads,354585.8058,2904766921
08-02-2019,tcp,175.921875,1441152
08-02-2019,skype,8232.433594,67440096
08-02-2019,facebook,168293.2173,1378658036
08-02-2019,google_tags,183.7265625,1505088
08-02-2019,youtube,101436182.8,8.30965E+11
08-02-2019,mozilla,399020.9834,3268779896
08-02-2019,atlassolutions,296.296875,2427264
08-02-2019,microsoft,3258.035156,26689824
08-02-2019,firefox_update,54814.84167,449043183
08-02-2019,google_accounts,14752.75781,120854592
08-02-2019,google_gen,564538.4342,4624698853
08-02-2019,dns,598888.0754,4906091114
08-02-2019,gstatic,59088.41016,484052256
08-02-2019,https,5618190.11,46024213378
08-02-2019,unknown,7482.656006,61297918
08-02-2019,ocsp,8190.667969,67097952
09-02-2019,facebook,175643.3667,1438870460
09-02-2019,skype,8232.433594,67440096
09-02-2019,google_gen,580691.4611,4757024449
09-02-2019,windowslive,913.1484375,7480512
09-02-2019,https,5859493.201,48000968302
09-02-2019,dns,625549.1691,5124498793
09-02-2019,ocsp,8190.667969,67097952
09-02-2019,tcp,175.921875,1441152
09-02-2019,atlassolutions,296.296875,2427264
09-02-2019,microsoft,3258.035156,26689824
09-02-2019,firefox_update,57202.83386,468605615
09-02-2019,google_ads,373957.7344,3063461760
09-02-2019,unknown,7650.897461,62676152
09-02-2019,google_tags,183.7265625,1505088
09-02-2019,ntp,16.03125,131328
09-02-2019,gstatic,59088.41016,484052256
09-02-2019,youtube,101449583.2,8.31075E+11
09-02-2019,google_accounts,14752.75781,120854592
09-02-2019,mozilla,415870.8203,3406813760
10-02-2019,google_gen,596554.2561,4886972466
10-02-2019,https,6099801.971,49969577743
10-02-2019,mozilla,430798.8015,3529103782
10-02-2019,google_ads,391975.5249,3211063500
10-02-2019,tcp,184.6005859,1512248
10-02-2019,facebook,182970.5583,1498894814
10-02-2019,unknown,7866.666138,64443729
10-02-2019,windowslive,913.1484375,7480512
10-02-2019,atlassolutions,296.296875,2427264
10-02-2019,dns,650942.6262,5332521994
10-02-2019,google_accounts,14752.75781,120854592
10-02-2019,skype,8232.433594,67440096
10-02-2019,google_tags,183.7265625,1505088
10-02-2019,ntp,19.37109375,158688
10-02-2019,gstatic,59088.41016,484052256
10-02-2019,youtube,101463307.5,8.31187E+11
10-02-2019,firefox_update,59590.9696,488169223
10-02-2019,microsoft,3258.035156,26689824
10-02-2019,ocsp,8190.667969,67097952
11-02-2019,tcp,319.6552734,2618616
11-02-2019,yahoo_search,2056.355103,16845661
11-02-2019,everest_tech,693.4952393,5681113
11-02-2019,skype,18533.55981,151826922
11-02-2019,gstatic,68508.7334,561223544
11-02-2019,yahoo,6804.753296,55744539
11-02-2019,taboola,516.3846436,4230223
11-02-2019,http2,4969.067139,40706598
11-02-2019,adobe,8927.408325,73133329
11-02-2019,krux,5902.58728,48353995
11-02-2019,rlcdn,400.8438721,3283713
11-02-2019,unknown,9863.202393,80799354
11-02-2019,outbrain,335.2935791,2746725
11-02-2019,bootstrapcdn,1764.73938,14456745
11-02-2019,mozilla,448233.7395,3671930794
11-02-2019,akamai,1956.873047,16030704
11-02-2019,new_relic,20715.78784,169703734
11-02-2019,optimizely,6525.264404,53454966
11-02-2019,youtube,145550214.9,1.19235E+12
11-02-2019,office365,23713.35413,194259797
11-02-2019,ocsp,11548.3429,94604025
11-02-2019,bing,725.8852539,5946452
11-02-2019,ntp,21.375,175104
11-02-2019,firefox_update,61968.78491,507648286
11-02-2019,google_gen,628755.2982,5150763403
11-02-2019,https,6514427.874,53366193145
11-02-2019,atlassolutions,633.4272461,5189036
11-02-2019,google_ads,414261.6688,3393631591
11-02-2019,google_tags,4685.687622,38385153
11-02-2019,google_analytics,2302.284668,18860316
11-02-2019,microsoft,7488.60791,61346676
11-02-2019,facebook,222225.3036,1820469687
11-02-2019,cloudflare,216.0917969,1770224
11-02-2019,amazon,549.6002197,4502325
11-02-2019,salesforce,153121.2725,1254369464
11-02-2019,google_accounts,14752.75781,120854592
11-02-2019,dns,708552.8198,5804464700
11-02-2019,linkedin,424.345459,3476238
11-02-2019,sharepoint_online,339.3900146,2780283
11-02-2019,windowslive,1134.88916,9297012
12-02-2019,firefox_update,64325.88391,526957641
12-02-2019,facebook,272095.7897,2229008709
12-02-2019,windowslive,1764.769531,14456992
12-02-2019,yahoo,13106.94531,107372096
12-02-2019,tcp,676.9384766,5545480
12-02-2019,akamai,3254.871094,26663904
12-02-2019,unknown,17276.60974,141529987
12-02-2019,teads,6456.959839,52895415
12-02-2019,google_tags,15511.24609,127068128
12-02-2019,amazon,4782.34314,39176955
12-02-2019,google_gen,678302.8716,5556657124
12-02-2019,youtube,246364676.2,2.01822E+12
12-02-2019,dns,843773.423,6912191881
12-02-2019,cloudflare,361.828125,2964096
12-02-2019,new_relic,120678.0649,988594708
12-02-2019,sharepoint_online,564.9960938,4628448
12-02-2019,scorecardresearch,595.9296875,4881856
12-02-2019,mozilla,466459.348,3821234979
12-02-2019,salesforce,486894.9023,3988643040
12-02-2019,bootstrapcdn,2937.832031,24066720
12-02-2019,linkedin,708.0117188,5800032
12-02-2019,google_accounts,14752.75781,120854592
12-02-2019,lkqd,5385.152222,44115167
12-02-2019,optimizely,14837.5,121548800
12-02-2019,outbrain,4207.371094,34466784
12-02-2019,atlassolutions,1074.640625,8803456
12-02-2019,google_ads,451271.3767,3696815118
12-02-2019,rlcdn,667.3007813,5466528
12-02-2019,google_analytics,4233.507813,34680896
12-02-2019,krux,11909.33594,97561280
12-02-2019,office365,41754.02734,342048992
12-02-2019,microsoft,13391.74219,109705152
12-02-2019,skype,31136.17188,255067520
12-02-2019,https,7149672.724,58570118951
12-02-2019,adobe,17884.83594,146512576
12-02-2019,taboola,858.4804688,7032672
12-02-2019,yahoo_search,5636.800781,46176672
12-02-2019,ntp,21.375,175104
12-02-2019,advertising_com,629.234375,5154688
12-02-2019,bing,1536.125,12583936
12-02-2019,everest_tech,1721.125,14099456
12-02-2019,bidswitch,305.59375,2503424
12-02-2019,ocsp,15655.41199,128249135
12-02-2019,gstatic,79921.12158,654713828
12-02-2019,http2,10231.02734,83812576
13-02-2019,atlassolutions,1310.178711,10732984
13-02-2019,bidswitch,392.90625,3218688
13-02-2019,outbrain,7501.381348,61451316
13-02-2019,google_ads,479761.8711,3930209248
13-02-2019,unknown,25430.74792,208328687
13-02-2019,optimizely,18698.79932,153180564
13-02-2019,bootstrapcdn,2937.832031,24066720
13-02-2019,firefox_update,66599.78894,545585471
13-02-2019,ntp,21.375,175104
13-02-2019,akamai,3329.300049,27273626
13-02-2019,mozilla,483231.8856,3958635607
13-02-2019,bing,1873.787842,15350070
13-02-2019,new_relic,228832.5619,1874596347
13-02-2019,ocsp,16918.55518,138596804
13-02-2019,office365,50410.09595,412959506
13-02-2019,youtube,267742632.8,2.19335E+12
13-02-2019,adobe,21648.78101,177346814
13-02-2019,google_analytics,5443.875977,44596232
13-02-2019,dns,953138.5626,7808111105
13-02-2019,facebook,300019.4272,2457759148
13-02-2019,tcp,883.8308105,7240342
13-02-2019,taboola,1428.81958,11704890
13-02-2019,yahoo_search,7633.71167,62535366
13-02-2019,advertising_com,1220.949707,10002020
13-02-2019,http2,12379.50342,101412892
13-02-2019,skype,41128.52148,336924848
13-02-2019,https,7760076.182,63570544084
13-02-2019,google_gen,718885.2924,5889108315
13-02-2019,microsoft,16783.30127,137488804
13-02-2019,windowslive,2116.669434,17339756
13-02-2019,sharepoint_online,564.9960938,4628448
13-02-2019,scorecardresearch,1183.360718,9694091
13-02-2019,salesforce,748886.5519,6134878633
13-02-2019,krux,13944.88086,114236464
13-02-2019,google_tags,24023.67993,196801986
13-02-2019,linkedin,708.0117188,5800032
13-02-2019,lkqd,8896.799805,72882584
13-02-2019,google_accounts,14752.75781,120854592
13-02-2019,mediamath,194.6976318,1594963
13-02-2019,gstatic,86692.44897,710184542
13-02-2019,yahoo,17079.39136,139914374
13-02-2019,rlcdn,667.3007813,5466528
13-02-2019,amazon,8425.272583,69019833
13-02-2019,cloudflare,361.828125,2964096
13-02-2019,teads,13706.7179,112285433
13-02-2019,everest_tech,2281.46582,18689768
14-02-2019,advertising_com,3400.394775,27856034
14-02-2019,google_ads,508527.001,4165853192
14-02-2019,adobe,27922.45093,228740718
14-02-2019,yahoo_search,10741.78784,87996726
14-02-2019,youtube,294760010,2.41467E+12
14-02-2019,google_accounts,26737.38062,219032622
14-02-2019,google_analytics,7280.676514,59643302
14-02-2019,windowslive,2805.73938,22984617
14-02-2019,yahoo,21076.18994,172656148
14-02-2019,bidswitch,665.0474854,5448069
14-02-2019,scorecardresearch,2095.940918,17169948
14-02-2019,cloudflare,361.828125,2964096
14-02-2019,skype,49411.43225,404778453
14-02-2019,https,8441809.995,69155307476
14-02-2019,mozilla,502491.9078,4116413709
14-02-2019,indexexchange,244.2907715,2001230
14-02-2019,bootstrapcdn,2937.832031,24066720
14-02-2019,dns,1055495.015,8646615165
14-02-2019,appnexus,318.2735596,2607297
14-02-2019,optimizely,22401.3208,183511620
14-02-2019,everest_tech,2964.605713,24286050
14-02-2019,sharepoint_online,564.9960938,4628448
14-02-2019,outbrain,11263.95398,92274311
14-02-2019,salesforce,992887.4429,8133733932
14-02-2019,krux,16889.19141,138356256
14-02-2019,linkedin,708.0117188,5800032
14-02-2019,atlassolutions,1672.072021,13697614
14-02-2019,lkqd,13658.55103,111890850
14-02-2019,mediamath,715.3481445,5860132
14-02-2019,moat,1691.297974,13855113
14-02-2019,rlcdn,667.3007813,5466528
14-02-2019,google_gen,764961.3444,6266563333
14-02-2019,taboola,1898.085938,15549120
14-02-2019,new_relic,338129.6919,2769958436
14-02-2019,microsoft,21021.79175,172210518
14-02-2019,unknown,50680.79065,415177037
14-02-2019,ntp,21.375,175104
14-02-2019,bing,2413.254639,19769382
14-02-2019,turn,190.2253418,1558326
14-02-2019,http2,15796.31177,129403386
14-02-2019,tidaltv,267.9396973,2194962
14-02-2019,ocsp,19166.91394,157015359
14-02-2019,google_tags,35816.8916,293411976
14-02-2019,facebook,341555.5745,2798023266
14-02-2019,office365,59509.05505,487498179
14-02-2019,tcp,1406.637207,11523172
14-02-2019,aol_one,8475.865967,69434294
14-02-2019,akamai,3390.539063,27775296
14-02-2019,firefox_update,68989.49426,565161937
14-02-2019,gstatic,187714.3995,1537756361
14-02-2019,teads,24367.24658,199616484
14-02-2019,amazon,15123.50928,123891788
15-02-2019,moat,2117.109375,17343360
15-02-2019,ntp,21.375,175104
15-02-2019,microsoft,24177.17212,198059394
15-02-2019,new_relic,447093.6123,3662590872
15-02-2019,optimizely,26177.16919,214443370
15-02-2019,ocsp,20545.25427,168306723
15-02-2019,mozilla,520028.1848,4260070890
15-02-2019,office365,64203.87366,525958133
15-02-2019,nielsen,185.4509277,1519214
15-02-2019,outbrain,13673.17139,112010620
15-02-2019,youtube,330783009.8,2.70977E+12
15-02-2019,google_gen,803126.432,6579211731
15-02-2019,rlcdn,667.3007813,5466528
15-02-2019,unknown,68621.39685,562146483
15-02-2019,google_tags,42868.38721,351177828
15-02-2019,turn,398.0571289,3260884
15-02-2019,tidaltv,334.0546875,2736576
15-02-2019,teads,31146.25024,255150082
15-02-2019,windowslive,3338.478882,27348819
15-02-2019,tcp,2122.5,17387520
15-02-2019,taboola,1898.085938,15549120
15-02-2019,yahoo,22169.90576,181615868
15-02-2019,gstatic,225842.8589,1850104700
15-02-2019,skype,51667.08374,423256750
15-02-2019,yahoo_search,13172.7793,107911408
15-02-2019,https,9039790.318,74053962281
15-02-2019,indexexchange,305.8945313,2505888
15-02-2019,sharepoint_online,564.9960938,4628448
15-02-2019,scorecardresearch,3109.195801,25470532
15-02-2019,salesforce,1199883.255,9829443629
15-02-2019,krux,18505.37866,151596062
15-02-2019,linkedin,708.0117188,5800032
15-02-2019,mediamath,1231.841797,10091248
15-02-2019,google_analytics,7847.452881,64286334
15-02-2019,google_ads,537308.558,4401631707
15-02-2019,http2,17670.19312,144754222
15-02-2019,lkqd,16731.82471,137067108
15-02-2019,appnexus,396.8085938,3250656
15-02-2019,akamai,3590.966309,29417196
15-02-2019,bidswitch,732.1992188,5998176
15-02-2019,firefox_update,71344.16626,584451410
15-02-2019,adobe,32119.30762,263121368
15-02-2019,amazon,19362.31482,158616083
15-02-2019,bootstrapcdn,2937.832031,24066720
15-02-2019,bing,2799.362793,22932380
15-02-2019,facebook,365381.9512,2993208944
15-02-2019,everest_tech,3324.271973,27232436
15-02-2019,aol_one,10612.26563,86935680
15-02-2019,atlassolutions,1929.667969,15807840
15-02-2019,cloudflare,361.828125,2964096
15-02-2019,advertising_com,4332.374756,35490814
15-02-2019,google_accounts,29759.58984,243790560
15-02-2019,dns,1139117.041,9331646799
16-02-2019,rlcdn,667.3007813,5466528
16-02-2019,outbrain,14608.96875,119676672
16-02-2019,salesforce,1373102.854,11248458579
16-02-2019,scorecardresearch,3528.457031,28905120
16-02-2019,facebook,374250.2695,3065858208
16-02-2019,ntp,21.375,175104
16-02-2019,sharepoint_online,564.9960938,4628448
16-02-2019,appnexus,396.8085938,3250656
16-02-2019,skype,52582.67578,430757280
16-02-2019,taboola,1898.085938,15549120
16-02-2019,google_gen,841313.4066,6892039427
16-02-2019,firefox_update,73606.00964,602980431
16-02-2019,aol_one,10612.26563,86935680
16-02-2019,tcp,2412.175781,19760544
16-02-2019,teads,33675.08203,275866272
16-02-2019,tidaltv,334.0546875,2736576
16-02-2019,google_tags,45474.89063,372530304
16-02-2019,atlassolutions,2027.707031,16610976
16-02-2019,office365,66177.38672,542125152
16-02-2019,optimizely,27832.32422,228002400
16-02-2019,mediamath,1440.175781,11797920
16-02-2019,linkedin,708.0117188,5800032
16-02-2019,cloudflare,361.828125,2964096
16-02-2019,microsoft,25441.55859,208417248
16-02-2019,moat,2117.109375,17343360
16-02-2019,krux,19077.99609,156286944
16-02-2019,dns,1214475.765,9948985470
16-02-2019,bootstrapcdn,2937.832031,24066720
16-02-2019,mozilla,536676.1865,4396451320
16-02-2019,indexexchange,305.8945313,2505888
16-02-2019,gstatic,233445.679,1912387002
16-02-2019,new_relic,551660.1089,4519199612
16-02-2019,https,9706348.196,79514404419
16-02-2019,yahoo_search,14108.09766,115573536
16-02-2019,bing,2945.847656,24132384
16-02-2019,everest_tech,3455.472656,28307232
16-02-2019,youtube,346052192.9,2.83486E+12
16-02-2019,bidswitch,732.1992188,5998176
16-02-2019,ocsp,21183.43359,173534688
16-02-2019,adobe,33689.35547,275983200
16-02-2019,http2,18325.33594,150121152
16-02-2019,turn,476.015625,3899520
16-02-2019,nielsen,275.3085938,2255328
16-02-2019,amazon,20858.48438,170872704
16-02-2019,lkqd,17841.30469,146155968
16-02-2019,yahoo,22559.83594,184810176
16-02-2019,google_accounts,29759.58984,243790560
16-02-2019,advertising_com,4559.835938,37354176
16-02-2019,google_ads,555932.1302,4554196011
16-02-2019,google_analytics,8008.453125,65605248
16-02-2019,akamai,3686.554688,30200256
16-02-2019,unknown,72966.50671,597741623
16-02-2019,windowslive,3534.082031,28951200
17-02-2019,outbrain,14608.96875,119676672
17-02-2019,google_tags,45474.89063,372530304
17-02-2019,akamai,3686.554688,30200256
17-02-2019,new_relic,656226.0687,5375803955
17-02-2019,sharepoint_online,564.9960938,4628448
17-02-2019,dns,1276346.569,10455831097
17-02-2019,indexexchange,305.8945313,2505888
17-02-2019,skype,52582.67578,430757280
17-02-2019,mozilla,553969.6825,4538119639
17-02-2019,bootstrapcdn,2937.832031,24066720
17-02-2019,taboola,1898.085938,15549120
17-02-2019,advertising_com,4559.835938,37354176
17-02-2019,krux,19077.99609,156286944
17-02-2019,aol_one,10612.26563,86935680
17-02-2019,google_gen,877494.5522,7188435372
17-02-2019,moat,2117.109375,17343360
17-02-2019,appnexus,396.8085938,3250656
17-02-2019,yahoo_search,14108.09766,115573536
17-02-2019,nielsen,275.3085938,2255328
17-02-2019,salesforce,1505509.995,12333137877
17-02-2019,office365,66177.38672,542125152
17-02-2019,ocsp,21183.43359,173534688
17-02-2019,adobe,33689.35547,275983200
17-02-2019,google_ads,567926.4199,4652453232
17-02-2019,bidswitch,732.1992188,5998176
17-02-2019,optimizely,27832.32422,228002400
17-02-2019,everest_tech,3455.472656,28307232
17-02-2019,gstatic,238690.2375,1955350426
17-02-2019,scorecardresearch,3528.457031,28905120
17-02-2019,ntp,24.71484375,202464
17-02-2019,youtube,346052641.2,2.83486E+12
17-02-2019,lkqd,17841.30469,146155968
17-02-2019,windowslive,3534.082031,28951200
17-02-2019,bing,2945.847656,24132384
17-02-2019,rlcdn,667.3007813,5466528
17-02-2019,facebook,374250.2695,3065858208
17-02-2019,https,10369769.64,84949152856
17-02-2019,unknown,74638.40149,611437785
17-02-2019,atlassolutions,2027.707031,16610976
17-02-2019,firefox_update,75983.18665,622454265
17-02-2019,http2,18325.33594,150121152
17-02-2019,yahoo,22559.83594,184810176
17-02-2019,turn,476.015625,3899520
17-02-2019,cloudflare,361.828125,2964096
17-02-2019,teads,33675.08203,275866272
17-02-2019,tcp,2413.81543,19773976
17-02-2019,google_accounts,29759.58984,243790560
17-02-2019,tidaltv,334.0546875,2736576
17-02-2019,amazon,20858.48438,170872704
17-02-2019,google_analytics,8008.453125,65605248
17-02-2019,microsoft,25441.55859,208417248
17-02-2019,linkedin,708.0117188,5800032
17-02-2019,mediamath,1440.175781,11797920
18-02-2019,ntp,26.71875,218880
18-02-2019,facebook,374250.2695,3065858208
18-02-2019,sharepoint_online,564.9960938,4628448
18-02-2019,indexexchange,305.8945313,2505888
18-02-2019,adobe,33689.35547,275983200
18-02-2019,gstatic,243747.5237,1996779714
18-02-2019,mozilla,570219.1561,4671235327
18-02-2019,http2,18325.33594,150121152
18-02-2019,salesforce,1634199.91,13387365665
18-02-2019,dns,1340035.732,10977572716
18-02-2019,akamai,3686.554688,30200256
18-02-2019,yahoo_search,14108.09766,115573536
18-02-2019,new_relic,761782.2603,6240520276
18-02-2019,teads,33675.08203,275866272
18-02-2019,google_tags,45474.89063,372530304
18-02-2019,amazon,20858.48438,170872704
18-02-2019,atlassolutions,2027.707031,16610976
18-02-2019,firefox_update,78375.17151,642049405
18-02-2019,bing,2945.847656,24132384
18-02-2019,outbrain,14608.96875,119676672
18-02-2019,nielsen,275.3085938,2255328
18-02-2019,scorecardresearch,3528.457031,28905120
18-02-2019,cloudflare,361.828125,2964096
18-02-2019,appnexus,396.8085938,3250656
18-02-2019,google_analytics,8008.453125,65605248
18-02-2019,everest_tech,3455.472656,28307232
18-02-2019,unknown,93068.20361,762414724
18-02-2019,rlcdn,667.3007813,5466528
18-02-2019,google_gen,912724.0535,7477035446
18-02-2019,lkqd,17841.30469,146155968
18-02-2019,office365,66177.38672,542125152
18-02-2019,krux,19077.99609,156286944
18-02-2019,google_accounts,29759.58984,243790560
18-02-2019,aol_one,10612.26563,86935680
18-02-2019,ocsp,21287.90625,174390528
18-02-2019,moat,2117.109375,17343360
18-02-2019,windowslive,3534.082031,28951200
18-02-2019,yahoo,22559.83594,184810176
18-02-2019,https,11013004.44,90218532375
18-02-2019,tidaltv,334.0546875,2736576
18-02-2019,advertising_com,4559.835938,37354176
18-02-2019,google_ads,578550.8743,4739488762
18-02-2019,taboola,1898.085938,15549120
18-02-2019,mediamath,1440.175781,11797920
18-02-2019,bidswitch,732.1992188,5998176
18-02-2019,youtube,346052869.6,2.83487E+12
18-02-2019,bootstrapcdn,2937.832031,24066720
18-02-2019,microsoft,25441.55859,208417248
18-02-2019,linkedin,708.0117188,5800032
18-02-2019,optimizely,27832.32422,228002400
18-02-2019,skype,52582.67578,430757280
18-02-2019,turn,476.015625,3899520
18-02-2019,tcp,2922.015625,23937152
19-02-2019,bing,2935.619019,24048591
19-02-2019,unknown,112742.0225,923582648
19-02-2019,adobe,33572.37854,275024925
19-02-2019,firefox_update,80505.36121,659499919
19-02-2019,outbrain,14558.24316,119261128
19-02-2019,everest_tech,3443.474487,28208943
19-02-2019,http2,18261.7063,149599898
19-02-2019,ocsp,21770.17163,178341246
19-02-2019,office365,65947.60413,540242773
19-02-2019,lkqd,17779.35571,145648482
19-02-2019,google_ads,578074.4751,4735586100
19-02-2019,tidaltv,332.8947754,2727074
19-02-2019,bidswitch,729.6568604,5977349
19-02-2019,optimizely,27735.6842,227210725
19-02-2019,ntp,26.62597656,218120
19-02-2019,google_analytics,7980.645996,65377452
19-02-2019,atlassolutions,2020.666382,16553299
19-02-2019,mediamath,1435.175171,11756955
19-02-2019,linkedin,705.5533447,5779893
19-02-2019,turn,474.362793,3885980
19-02-2019,gstatic,244220.2186,2000652031
19-02-2019,sharepoint_online,563.0343018,4612377
19-02-2019,rlcdn,664.9837646,5447547
19-02-2019,taboola,1891.495361,15495130
19-02-2019,google_tags,45316.9917,371236796
19-02-2019,teads,33558.15466,274908403
19-02-2019,moat,2109.758301,17283140
19-02-2019,yahoo,22481.50317,184168474
19-02-2019,indexexchange,304.8323975,2497187
19-02-2019,aol_one,10575.41748,86633820
19-02-2019,facebook,372950.7894,3055212867
19-02-2019,appnexus,395.4307861,3239369
19-02-2019,akamai,3673.75415,30095394
19-02-2019,yahoo_search,14059.11121,115172239
19-02-2019,skype,52400.09705,429261595
19-02-2019,advertising_com,4544.003174,37224474
19-02-2019,bootstrapcdn,2927.631226,23983155
19-02-2019,mozilla,585485.9749,4796301106
19-02-2019,cloudflare,360.5717773,2953804
19-02-2019,new_relic,864890.3717,7085181925
19-02-2019,salesforce,1755700.54,14382698823
19-02-2019,dns,1396216.402,11437804765
19-02-2019,windowslive,3521.810913,28850675
19-02-2019,google_accounts,29656.25793,242944065
19-02-2019,amazon,20786.05908,170279396
19-02-2019,https,11607706.27,95090329756
19-02-2019,krux,19011.75305,155744281
19-02-2019,tcp,3514.463257,28790483
19-02-2019,nielsen,274.3526611,2247497
19-02-2019,microsoft,25353.21985,207693577
19-02-2019,scorecardresearch,3516.205444,28804755
19-02-2019,google_gen,930087.2191,7619274499
19-02-2019,youtube,344851297.2,2.82502E+12
20-02-2019,moat,2117.109375,17343360
20-02-2019,http2,19793.02197,162144436
20-02-2019,microsoft,29224.81226,239409662
20-02-2019,ocsp,25381.63745,207926374
20-02-2019,yahoo_search,16247.13428,133096524
20-02-2019,lkqd,20850.15112,170804438
20-02-2019,google_ads,617912.6218,5061940198
20-02-2019,krux,20667.33203,169306784
20-02-2019,ntp,26.71875,218880
20-02-2019,advertising_com,5217.967529,42745590
20-02-2019,bidswitch,732.1992188,5998176
20-02-2019,mozilla,611579.9219,5010062720
20-02-2019,indexexchange,305.8945313,2505888
20-02-2019,youtube,401740186.3,3.29106E+12
20-02-2019,new_relic,976451.6552,7999091959
20-02-2019,mediamath,1678.233887,13748092
20-02-2019,linkedin,708.0117188,5800032
20-02-2019,windowslive,4319.841064,35388138
20-02-2019,cloudflare,361.828125,2964096
20-02-2019,yahoo,22931.76904,187857052
20-02-2019,https,12359770.14,1.01251E+11
20-02-2019,bing,3585.537231,29372721
20-02-2019,dns,1498706.3,12277402007
20-02-2019,bootstrapcdn,2937.832031,24066720
20-02-2019,nielsen,504.3312988,4131482
20-02-2019,office365,80483.83826,659323603
20-02-2019,everest_tech,4034.174072,33047954
20-02-2019,atlassolutions,2281.221191,18687764
20-02-2019,teads,40097.15991,328475934
20-02-2019,outbrain,16919.66296,138605879
20-02-2019,adobe,37972.1062,311067494
20-02-2019,tcp,3765.211914,30844616
20-02-2019,unknown,120678.2427,988596164
20-02-2019,rlcdn,667.3007813,5466528
20-02-2019,salesforce,2024467.971,16584441616
20-02-2019,firefox_update,83144.40259,681118946
20-02-2019,google_accounts,42199.53491,345698590
20-02-2019,scorecardresearch,4378.096436,35865366
20-02-2019,google_gen,960208.5349,7866028318
20-02-2019,google_tags,53138.9729,435314466
20-02-2019,facebook,395354.6667,3238745430
20-02-2019,aol_one,10612.26563,86935680
20-02-2019,sharepoint_online,564.9960938,4628448
20-02-2019,taboola,1898.085938,15549120
20-02-2019,appnexus,396.8085938,3250656
20-02-2019,akamai,4501.077148,36872824
20-02-2019,gstatic,250249.7035,2050045571
20-02-2019,amazon,24728.63196,202576953
20-02-2019,skype,58476.96606,479043306
20-02-2019,google_analytics,8008.453125,65605248
20-02-2019,turn,476.015625,3899520
20-02-2019,tidaltv,334.0546875,2736576
20-02-2019,optimizely,31716.7821,259823879
21-02-2019,google_tags,54558.97327,446947109
21-02-2019,new_relic,1079939.662,8846865709
21-02-2019,google_gen,994099.8459,8143665938
21-02-2019,scorecardresearch,4539.658936,37188886
21-02-2019,advertising_com,5337.632446,43725885
21-02-2019,optimizely,32419.15845,265577746
21-02-2019,krux,20924.8645,171416490
21-02-2019,google_analytics,7980.645996,65377452
21-02-2019,salesforce,2209586.527,18100932833
21-02-2019,office365,83197.97876,681557842
21-02-2019,https,12981792.06,1.06347E+11
21-02-2019,ocsp,26167.60278,214365002
21-02-2019,lkqd,21407.67053,175371637
21-02-2019,windowslive,4466.963013,36593361
21-02-2019,yahoo,22930.01074,187842648
21-02-2019,aol_one,10575.41748,86633820
21-02-2019,mozilla,639259.1595,5236811035
21-02-2019,taboola,1891.495361,15495130
21-02-2019,google_ads,637355.4818,5221216107
21-02-2019,moat,2109.758301,17283140
21-02-2019,sharepoint_online,563.0343018,4612377
21-02-2019,indexexchange,304.8323975,2497187
21-02-2019,bootstrapcdn,2927.631226,23983155
21-02-2019,appnexus,395.4307861,3239369
21-02-2019,http2,20031.56299,164098564
21-02-2019,everest_tech,4141.320313,33925696
21-02-2019,akamai,4652.889404,38116470
21-02-2019,youtube,424905923.5,3.48083E+12
21-02-2019,facebook,398421.619,3263869903
21-02-2019,yahoo_search,16638.53772,136302901
21-02-2019,nielsen,550.5270996,4509918
21-02-2019,microsoft,29909.97546,245022519
21-02-2019,tidaltv,332.8947754,2727074
21-02-2019,mediamath,1722.245239,14108633
21-02-2019,google_accounts,44657.36816,365833160
21-02-2019,ntp,26.62597656,218120
21-02-2019,cloudflare,360.5717773,2953804
21-02-2019,gstatic,256674.3339,2102676143
21-02-2019,bidswitch,729.6568604,5977349
21-02-2019,teads,41302.42505,338349466
21-02-2019,linkedin,705.5533447,5779893
21-02-2019,atlassolutions,2326.374634,19057661
21-02-2019,amazon,25446.58594,208458432
21-02-2019,bing,3705.705322,30357138
21-02-2019,outbrain,17341.88391,142064713
21-02-2019,rlcdn,664.9837646,5447547
21-02-2019,tcp,4095.459351,33550003
21-02-2019,turn,474.362793,3885980
21-02-2019,dns,1580330.208,12946065061
21-02-2019,unknown,133474.8278,1093425789
21-02-2019,adobe,38736.87207,317332456
21-02-2019,firefox_update,85051.46899,696741634
21-02-2019,skype,59501.52527,487436495
22-02-2019,yahoo_search,16696.51172,136777824
22-02-2019,teads,41446.33594,339528384
22-02-2019,skype,59708.84766,489134880
22-02-2019,mediamath,1728.246094,14157792
22-02-2019,cloudflare,361.828125,2964096
22-02-2019,bootstrapcdn,2937.832031,24066720
22-02-2019,youtube,426401016.6,3.49308E+12
22-02-2019,krux,20997.77344,172013760
22-02-2019,tcp,4283.187988,35087876
22-02-2019,tidaltv,334.0546875,2736576
22-02-2019,lkqd,21482.26172,175982688
22-02-2019,taboola,1898.085938,15549120
22-02-2019,aol_one,10612.26563,86935680
22-02-2019,microsoft,30014.19141,245876256
22-02-2019,turn,476.015625,3899520
22-02-2019,amazon,25535.25,209184768
22-02-2019,linkedin,708.0117188,5800032
22-02-2019,google_gen,1032127.057,8455184854
22-02-2019,moat,2117.109375,17343360
22-02-2019,firefox_update,87489.60242,716714823
22-02-2019,windowslive,4482.527344,36720864
22-02-2019,google_analytics,8008.453125,65605248
22-02-2019,nielsen,552.4453125,4525632
22-02-2019,dns,1653864.349,13548456746
22-02-2019,rlcdn,667.3007813,5466528
22-02-2019,bing,3718.617188,30462912
22-02-2019,optimizely,32532.11719,266503104
22-02-2019,adobe,38871.84375,318438144
22-02-2019,bidswitch,732.1992188,5998176
22-02-2019,https,13678322.87,1.12053E+11
22-02-2019,salesforce,2349899.927,19250380201
22-02-2019,ntp,26.71875,218880
22-02-2019,atlassolutions,2334.480469,19124064
22-02-2019,google_tags,54749.07422,448504416
22-02-2019,new_relic,1191780.671,9763067256
22-02-2019,facebook,399809.8477,3275242272
22-02-2019,akamai,4669.101563,38249280
22-02-2019,scorecardresearch,4555.476563,37318464
22-02-2019,advertising_com,5356.230469,43878240
22-02-2019,http2,20101.35938,164670336
22-02-2019,gstatic,262271.135,2148525138
22-02-2019,appnexus,396.8085938,3250656
22-02-2019,indexexchange,305.8945313,2505888
22-02-2019,ocsp,26403.81616,216300062
22-02-2019,google_accounts,44812.96875,367107840
22-02-2019,everest_tech,4155.75,34043904
22-02-2019,sharepoint_online,564.9960938,4628448
22-02-2019,google_ads,654194.2288,5359159122
22-02-2019,office365,83487.86719,683932608
22-02-2019,mozilla,657652.5929,5387490041
22-02-2019,outbrain,17402.30859,142559712
22-02-2019,unknown,145497.4823,1191915375
22-02-2019,yahoo,23009.90625,188497152
23-02-2019,mediamath,1728.246094,14157792
23-02-2019,optimizely,32532.11719,266503104
23-02-2019,advertising_com,5356.230469,43878240
23-02-2019,ntp,26.71875,218880
23-02-2019,bidswitch,732.1992188,5998176
23-02-2019,atlassolutions,2334.480469,19124064
23-02-2019,tidaltv,334.0546875,2736576
23-02-2019,office365,83487.86719,683932608
23-02-2019,lkqd,21482.26172,175982688
23-02-2019,ocsp,26907.91626,220429650
23-02-2019,turn,476.015625,3899520
23-02-2019,teads,41446.33594,339528384
23-02-2019,yahoo_search,16696.51172,136777824
23-02-2019,windowslive,4482.527344,36720864
23-02-2019,unknown,152633.7494,1250375675
23-02-2019,skype,59708.84766,489134880
23-02-2019,akamai,4669.101563,38249280
23-02-2019,bootstrapcdn,2937.832031,24066720
23-02-2019,appnexus,396.8085938,3250656
23-02-2019,sharepoint_online,564.9960938,4628448
23-02-2019,moat,2117.109375,17343360
23-02-2019,scorecardresearch,4555.476563,37318464
23-02-2019,taboola,1898.085938,15549120
23-02-2019,aol_one,10612.26563,86935680
23-02-2019,cloudflare,361.828125,2964096
23-02-2019,mozilla,673472.3459,5517085458
23-02-2019,adobe,38871.84375,318438144
23-02-2019,salesforce,2480579.944,20320910902
23-02-2019,youtube,426415026.8,3.49319E+12
23-02-2019,microsoft,30014.19141,245876256
23-02-2019,rlcdn,667.3007813,5466528
23-02-2019,nielsen,552.4453125,4525632
23-02-2019,tcp,4352.657227,35656968
23-02-2019,amazon,25535.25,209184768
23-02-2019,outbrain,17402.30859,142559712
23-02-2019,new_relic,1298907.613,10640651166
23-02-2019,bing,3718.617188,30462912
23-02-2019,yahoo,23009.90625,188497152
23-02-2019,google_analytics,8008.453125,65605248
23-02-2019,google_tags,54749.07422,448504416
23-02-2019,linkedin,708.0117188,5800032
23-02-2019,gstatic,263041.3125,2154834432
23-02-2019,everest_tech,4155.75,34043904
23-02-2019,http2,20101.35938,164670336
23-02-2019,google_accounts,44812.96875,367107840
23-02-2019,google_ads,667848.0112,5471010908
23-02-2019,krux,20997.77344,172013760
23-02-2019,facebook,399809.8477,3275242272
23-02-2019,indexexchange,305.8945313,2505888
23-02-2019,google_gen,1051313.883,8612363330
23-02-2019,https,14328395.96,1.17378E+11
23-02-2019,dns,1719026.417,14082264404
23-02-2019,firefox_update,89894.81348,736418312
24-02-2019,salesforce,2609904.516,21380337799
24-02-2019,rlcdn,667.3007813,5466528
24-02-2019,tidaltv,334.0546875,2736576
24-02-2019,outbrain,17402.30859,142559712
24-02-2019,turn,476.015625,3899520
24-02-2019,indexexchange,305.8945313,2505888
24-02-2019,cloudflare,361.828125,2964096
24-02-2019,optimizely,32532.11719,266503104
24-02-2019,bootstrapcdn,2937.832031,24066720
24-02-2019,windowslive,4482.527344,36720864
24-02-2019,atlassolutions,2334.480469,19124064
24-02-2019,youtube,426428551.9,3.4933E+12
24-02-2019,google_analytics,8008.453125,65605248
24-02-2019,google_tags,54749.07422,448504416
24-02-2019,everest_tech,4155.75,34043904
24-02-2019,dns,1783371.731,14609381223
24-02-2019,mozilla,690015.2175,5652604662
24-02-2019,nielsen,552.4453125,4525632
24-02-2019,moat,2117.109375,17343360
24-02-2019,advertising_com,5356.230469,43878240
24-02-2019,unknown,154225.6404,1263416446
24-02-2019,krux,20997.77344,172013760
24-02-2019,google_ads,680747.8099,5576686059
24-02-2019,https,14973446.25,1.22662E+11
24-02-2019,office365,83487.86719,683932608
24-02-2019,new_relic,1404007.521,11501629610
24-02-2019,akamai,4669.101563,38249280
24-02-2019,ntp,30.05859375,246240
24-02-2019,bidswitch,732.1992188,5998176
24-02-2019,mediamath,1728.246094,14157792
24-02-2019,microsoft,30014.19141,245876256
24-02-2019,http2,20101.35938,164670336
24-02-2019,ocsp,27552.41016,225709344
24-02-2019,google_accounts,44812.96875,367107840
24-02-2019,bing,3718.617188,30462912
24-02-2019,gstatic,263041.3125,2154834432
24-02-2019,yahoo_search,16696.51172,136777824
24-02-2019,teads,41446.33594,339528384
24-02-2019,taboola,1898.085938,15549120
24-02-2019,skype,59708.84766,489134880
24-02-2019,yahoo,23009.90625,188497152
24-02-2019,aol_one,10612.26563,86935680
24-02-2019,adobe,38871.84375,318438144
24-02-2019,tcp,4386.12207,35931112
24-02-2019,sharepoint_online,564.9960938,4628448
24-02-2019,lkqd,21482.26172,175982688
24-02-2019,google_gen,1066864.475,8739753780
24-02-2019,firefox_update,92351.99548,756547547
24-02-2019,amazon,25535.25,209184768
24-02-2019,appnexus,396.8085938,3250656
24-02-2019,linkedin,708.0117188,5800032
24-02-2019,scorecardresearch,4555.476563,37318464
24-02-2019,facebook,399809.8477,3275242272
25-02-2019,bing,4079.373047,33418224
25-02-2019,lkqd,24086.49426,197316561
25-02-2019,mediamath,1847.209351,15132339
25-02-2019,skype,71103.45215,582479480
25-02-2019,akamai,4792.038208,39256377
25-02-2019,bidswitch,1003.740601,8222643
25-02-2019,tcp,4571.566895,37450276
25-02-2019,microsoft,33941.59961,278049584
25-02-2019,google_accounts,44812.96875,367107840
25-02-2019,ntp,32.0625,262656
25-02-2019,amazon,29115.5791,238514824
25-02-2019,dns,1867349.236,15297324944
25-02-2019,yahoo,23638.47363,193646376
25-02-2019,indexexchange,305.8945313,2505888
25-02-2019,google_gen,1094772.006,8968372270
25-02-2019,mozilla,704946.7008,5774923373
25-02-2019,advertising_com,6226.822266,51010128
25-02-2019,new_relic,1510705.678,12375700917
25-02-2019,https,15640349.16,1.28126E+11
25-02-2019,krux,22690.09058,185877222
25-02-2019,taboola,1898.085938,15549120
25-02-2019,nielsen,552.4453125,4525632
25-02-2019,moat,2117.109375,17343360
25-02-2019,aol_one,10612.26563,86935680
25-02-2019,unknown,161583.2678,1323690130
25-02-2019,google_ads,707705.6274,5797524500
25-02-2019,ocsp,29920.17493,245106073
25-02-2019,firefox_update,94684.40015,775654606
25-02-2019,yahoo_search,20639.4082,169078032
25-02-2019,appnexus,396.8085938,3250656
25-02-2019,http2,21588.86426,176855976
25-02-2019,bootstrapcdn,2937.832031,24066720
25-02-2019,youtube,446136793.3,3.65475E+12
25-02-2019,tidaltv,334.0546875,2736576
25-02-2019,scorecardresearch,5129.068359,42017328
25-02-2019,everest_tech,4470.996094,36626400
25-02-2019,cloudflare,361.828125,2964096
25-02-2019,optimizely,36178.96497,296378081
25-02-2019,gstatic,272106.5947,2229097224
25-02-2019,rlcdn,667.3007813,5466528
25-02-2019,teads,47452.91565,388734285
25-02-2019,facebook,427239,3499941888
25-02-2019,atlassolutions,2559.735352,20969352
25-02-2019,windowslive,4759.382813,38988864
25-02-2019,outbrain,21032.59399,172299010
25-02-2019,linkedin,708.0117188,5800032
25-02-2019,adobe,42698.9425,349789737
25-02-2019,salesforce,2839719.393,23262981265
25-02-2019,sharepoint_online,564.9960938,4628448
25-02-2019,google_tags,62787.04236,514351451
25-02-2019,turn,476.015625,3899520
25-02-2019,google_analytics,9578.195435,78464577
25-02-2019,office365,93433.75513,765409322
26-02-2019,tidaltv,334.0546875,2736576
26-02-2019,taboola,1898.085938,15549120
26-02-2019,scorecardresearch,5320.265625,43583616
26-02-2019,indexexchange,305.8945313,2505888
26-02-2019,google_tags,65441.49609,536096736
26-02-2019,mozilla,722258.9048,5916744948
26-02-2019,bing,4199.625,34403328
26-02-2019,teads,49454.15625,405128448
26-02-2019,salesforce,3053068.056,25010733517
26-02-2019,rlcdn,667.3007813,5466528
26-02-2019,google_gen,1131626.14,9270281337
26-02-2019,yahoo,23847.99609,195362784
26-02-2019,google_ads,725902.0444,5946589548
26-02-2019,https,16192400.71,1.32648E+11
26-02-2019,new_relic,1618482.415,13258607943
26-02-2019,ocsp,31424.74524,257431513
26-02-2019,amazon,30299.66016,248214816
26-02-2019,turn,476.015625,3899520
26-02-2019,adobe,43973.19141,360228384
26-02-2019,tcp,4725.9375,38714880
26-02-2019,office365,96747.60938,792556416
26-02-2019,sharepoint_online,564.9960938,4628448
26-02-2019,bidswitch,1092.585938,8950464
26-02-2019,ntp,32.0625,262656
26-02-2019,google_analytics,10105.34766,82783008
26-02-2019,akamai,4832.261719,39585888
26-02-2019,outbrain,22238.33203,182176416
26-02-2019,facebook,436382.0508,3574841760
26-02-2019,skype,74891.49609,613511136
26-02-2019,firefox_update,96831.36816,793242568
26-02-2019,dns,1935006.558,15851573725
26-02-2019,optimizely,37391.51953,306311328
26-02-2019,appnexus,396.8085938,3250656
26-02-2019,aol_one,10612.26563,86935680
26-02-2019,atlassolutions,2634.820313,21584448
26-02-2019,unknown,166855.2406,1366878131
26-02-2019,nielsen,552.4453125,4525632
26-02-2019,gstatic,279817.6846,2292266472
26-02-2019,everest_tech,4576.078125,37487232
26-02-2019,http2,22084.69922,180917856
26-02-2019,lkqd,24948.98438,204382080
26-02-2019,windowslive,4851.667969,39744864
26-02-2019,krux,23251.32422,190474848
26-02-2019,mediamath,1886.132813,15451200
26-02-2019,google_accounts,44812.96875,367107840
26-02-2019,youtube,455365982.8,3.73036E+12
26-02-2019,cloudflare,361.828125,2964096
26-02-2019,moat,2117.109375,17343360
26-02-2019,linkedin,708.0117188,5800032
26-02-2019,advertising_com,6517.019531,53387424
26-02-2019,bootstrapcdn,2937.832031,24066720
26-02-2019,yahoo_search,21953.70703,179844768
26-02-2019,microsoft,35244.59766,288723744
27-02-2019,nielsen,552.4453125,4525632
27-02-2019,https,16712778.56,1.36911E+11
27-02-2019,amazon,30299.66016,248214816
27-02-2019,new_relic,1725144.854,14132386642
27-02-2019,optimizely,37391.51953,306311328
27-02-2019,scorecardresearch,5320.265625,43583616
27-02-2019,mediamath,1886.132813,15451200
27-02-2019,unknown,178331.7704,1460893863
27-02-2019,google_tags,65441.49609,536096736
27-02-2019,outbrain,22238.33203,182176416
27-02-2019,dns,1991060.05,16310763926
27-02-2019,turn,476.015625,3899520
27-02-2019,moat,2117.109375,17343360
27-02-2019,linkedin,708.0117188,5800032
27-02-2019,teads,49454.15625,405128448
27-02-2019,google_analytics,10105.34766,82783008
27-02-2019,lkqd,24948.98438,204382080
27-02-2019,office365,96747.60938,792556416
27-02-2019,tidaltv,334.0546875,2736576
27-02-2019,adobe,43973.19141,360228384
27-02-2019,ocsp,32064.43774,262671874
27-02-2019,krux,23251.32422,190474848
27-02-2019,aol_one,10612.26563,86935680
27-02-2019,http2,22084.69922,180917856
27-02-2019,rlcdn,667.3007813,5466528
27-02-2019,skype,74891.49609,613511136
27-02-2019,yahoo_search,21953.70703,179844768
27-02-2019,microsoft,35244.59766,288723744
27-02-2019,firefox_update,99218.03223,812794120
27-02-2019,tcp,5030.106445,41206632
27-02-2019,google_accounts,44812.96875,367107840
27-02-2019,bidswitch,1092.585938,8950464
27-02-2019,akamai,4832.261719,39585888
27-02-2019,ntp,32.0625,262656
27-02-2019,salesforce,3250270.42,26626215279
27-02-2019,taboola,1898.085938,15549120
27-02-2019,gstatic,280773,2300092416
27-02-2019,windowslive,4851.667969,39744864
27-02-2019,yahoo,23847.99609,195362784
27-02-2019,bing,4199.625,34403328
27-02-2019,atlassolutions,2634.820313,21584448
27-02-2019,appnexus,396.8085938,3250656
27-02-2019,google_gen,1150984.811,9428867570
27-02-2019,sharepoint_online,564.9960938,4628448
27-02-2019,google_ads,739203.3314,6055553691
27-02-2019,advertising_com,6517.019531,53387424
27-02-2019,everest_tech,4576.078125,37487232
27-02-2019,mozilla,740374.3239,6065146461
27-02-2019,bootstrapcdn,2937.832031,24066720
27-02-2019,cloudflare,361.828125,2964096
27-02-2019,youtube,455379792.6,3.73047E+12
27-02-2019,indexexchange,305.8945313,2505888
27-02-2019,facebook,436382.0508,3574841760
28-02-2019,facebook,436382.0508,3574841760
28-02-2019,indexexchange,305.8945313,2505888
28-02-2019,rlcdn,667.3007813,5466528
28-02-2019,optimizely,37391.51953,306311328
28-02-2019,bing,4199.625,34403328
28-02-2019,ntp,32.0625,262656
28-02-2019,yahoo,23847.99609,195362784
28-02-2019,bootstrapcdn,2937.832031,24066720
28-02-2019,mediamath,1886.132813,15451200
28-02-2019,everest_tech,4576.078125,37487232
28-02-2019,taboola,1898.085938,15549120
28-02-2019,yahoo_search,21953.70703,179844768
28-02-2019,firefox_update,101597.8213,832289352
28-02-2019,google_ads,752480.6068,6164321131
28-02-2019,bidswitch,1092.585938,8950464
28-02-2019,dns,2047119.807,16770005457
28-02-2019,gstatic,280773,2300092416
28-02-2019,nielsen,552.4453125,4525632
28-02-2019,google_tags,65441.49609,536096736
28-02-2019,youtube,455393324.4,3.73058E+12
28-02-2019,google_accounts,44812.96875,367107840
28-02-2019,microsoft,35244.59766,288723744
28-02-2019,windowslive,4851.667969,39744864
28-02-2019,skype,74891.49609,613511136
28-02-2019,teads,49454.15625,405128448
28-02-2019,cloudflare,361.828125,2964096
28-02-2019,akamai,4832.261719,39585888
28-02-2019,mozilla,758343.5422,6212350298
28-02-2019,tcp,5425.965576,44449510
28-02-2019,salesforce,3451611.341,28275600105
28-02-2019,advertising_com,6517.019531,53387424
28-02-2019,turn,476.015625,3899520
28-02-2019,google_analytics,10105.34766,82783008
28-02-2019,atlassolutions,2634.820313,21584448
28-02-2019,tidaltv,334.0546875,2736576
28-02-2019,adobe,43973.19141,360228384
28-02-2019,appnexus,396.8085938,3250656
28-02-2019,new_relic,1831207.169,15001249131
28-02-2019,aol_one,10612.26563,86935680
28-02-2019,office365,96747.60938,792556416
28-02-2019,outbrain,22238.33203,182176416
28-02-2019,amazon,30299.66016,248214816
28-02-2019,ocsp,32312.88721,264707172
28-02-2019,krux,23251.32422,190474848
28-02-2019,lkqd,24948.98438,204382080
28-02-2019,https,17227271.23,1.41126E+11
28-02-2019,moat,2117.109375,17343360
28-02-2019,google_gen,1164280.542,9537786204
28-02-2019,linkedin,708.0117188,5800032
28-02-2019,scorecardresearch,5320.265625,43583616
28-02-2019,unknown,195878.8384,1604639444
28-02-2019,sharepoint_online,564.9960938,4628448
28-02-2019,http2,22084.69922,180917856
01-03-2019,aol_one,10612.26563,86935680
01-03-2019,firefox_update,103988.0439,851870056
01-03-2019,linkedin,708.0117188,5800032
01-03-2019,skype,74891.49609,613511136
01-03-2019,atlassolutions,2634.820313,21584448
01-03-2019,http2,22084.69922,180917856
01-03-2019,tidaltv,334.0546875,2736576
01-03-2019,turn,476.015625,3899520
01-03-2019,rlcdn,667.3007813,5466528
01-03-2019,ntp,32.0625,262656
01-03-2019,google_accounts,44812.96875,367107840
01-03-2019,yahoo,23847.99609,195362784
01-03-2019,indexexchange,305.8945313,2505888
01-03-2019,facebook,436382.0508,3574841760
01-03-2019,microsoft,35244.59766,288723744
01-03-2019,office365,96747.60938,792556416
01-03-2019,lkqd,24948.98438,204382080
01-03-2019,tcp,5652.762207,46307428
01-03-2019,ocsp,32398.20703,265406112
01-03-2019,everest_tech,4576.078125,37487232
01-03-2019,cloudflare,361.828125,2964096
01-03-2019,sharepoint_online,564.9960938,4628448
01-03-2019,krux,23251.32422,190474848
01-03-2019,adobe,43973.19141,360228384
01-03-2019,akamai,4832.261719,39585888
01-03-2019,appnexus,396.8085938,3250656
01-03-2019,windowslive,4851.667969,39744864
01-03-2019,nielsen,552.4453125,4525632
01-03-2019,amazon,30299.66016,248214816
01-03-2019,https,17745915.18,1.45375E+11
01-03-2019,new_relic,1937983.613,15875961761
01-03-2019,outbrain,22238.33203,182176416
01-03-2019,dns,2101928.082,17218994847
01-03-2019,advertising_com,6517.019531,53387424
01-03-2019,mediamath,1886.132813,15451200
01-03-2019,youtube,455406996.6,3.73069E+12
01-03-2019,google_gen,1177921.068,9649529389
01-03-2019,scorecardresearch,5320.265625,43583616
01-03-2019,mozilla,774053.2363,6341044112
01-03-2019,unknown,208308.0935,1706459902
01-03-2019,salesforce,3656942.488,29957672859
01-03-2019,yahoo_search,21953.70703,179844768
01-03-2019,moat,2117.109375,17343360
01-03-2019,google_ads,765785.0503,6273311132
01-03-2019,teads,49454.15625,405128448
01-03-2019,google_tags,65441.49609,536096736
01-03-2019,optimizely,37391.51953,306311328
01-03-2019,google_analytics,10105.34766,82783008
01-03-2019,taboola,1898.085938,15549120
01-03-2019,gstatic,280773,2300092416
01-03-2019,bidswitch,1092.585938,8950464
01-03-2019,bootstrapcdn,2937.832031,24066720
01-03-2019,bing,4199.625,34403328
02-03-2019,indexexchange,304.8323975,2497187
02-03-2019,appnexus,395.4307861,3239369
02-03-2019,turn,474.362793,3885980
02-03-2019,https,18202009.5,1.49111E+11
02-03-2019,unknown,212740.0533,1742766517
02-03-2019,optimizely,37261.68787,305247747
02-03-2019,krux,23170.59045,189813477
02-03-2019,tidaltv,332.8947754,2727074
02-03-2019,amazon,30194.453,247352959
02-03-2019,everest_tech,4560.188965,37357068
02-03-2019,adobe,43820.50671,358977591
02-03-2019,bing,4185.042969,34283872
02-03-2019,ocsp,32473.33496,266021560
02-03-2019,office365,96411.68018,789804484
02-03-2019,cloudflare,360.5717773,2953804
02-03-2019,new_relic,2036159.995,16680222677
02-03-2019,atlassolutions,2625.671631,21509502
02-03-2019,linkedin,705.5533447,5779893
02-03-2019,google_analytics,10070.25964,82495567
02-03-2019,sharepoint_online,563.0343018,4612377
02-03-2019,firefox_update,106001.9818,868368235
02-03-2019,windowslive,4834.821899,39606861
02-03-2019,scorecardresearch,5301.79248,43432284
02-03-2019,salesforce,3849862.033,31538069775
02-03-2019,http2,22008.01624,180289669
02-03-2019,outbrain,22161.1156,181543859
02-03-2019,skype,74631.45618,611380889
02-03-2019,gstatic,279798.0938,2292105984
02-03-2019,ntp,31.95117188,261744
02-03-2019,bidswitch,1088.792236,8919386
02-03-2019,google_tags,65214.26868,534235289
02-03-2019,bootstrapcdn,2927.631226,23983155
02-03-2019,google_gen,1190391.241,9751685046
02-03-2019,teads,49282.44043,403721752
02-03-2019,taboola,1891.495361,15495130
02-03-2019,akamai,4815.483032,39448437
02-03-2019,google_accounts,44657.36816,365833160
02-03-2019,tcp,5770.999146,47276025
02-03-2019,moat,2109.758301,17283140
02-03-2019,microsoft,35122.22058,287721231
02-03-2019,google_ads,776151.8119,6358235643
02-03-2019,yahoo_search,21877.47888,179220307
02-03-2019,nielsen,550.5270996,4509918
02-03-2019,rlcdn,664.9837646,5447547
02-03-2019,mozilla,788923.2146,6462858974
02-03-2019,mediamath,1879.58374,15397550
02-03-2019,lkqd,24862.35596,203672420
02-03-2019,aol_one,10575.41748,86633820
02-03-2019,youtube,453839236.1,3.71785E+12
02-03-2019,dns,2148797.465,17602948830
02-03-2019,advertising_com,6494.390991,53202051
02-03-2019,facebook,434866.8353,3562429115
02-03-2019,yahoo,23765.19055,194684441
03-03-2019,everest_tech,4576.078125,37487232
03-03-2019,optimizely,37391.51953,306311328
03-03-2019,windowslive,4851.667969,39744864
03-03-2019,outbrain,22238.33203,182176416
03-03-2019,linkedin,708.0117188,5800032
03-03-2019,google_analytics,10105.34766,82783008
03-03-2019,office365,96747.60938,792556416
03-03-2019,gstatic,280773,2300092416
03-03-2019,microsoft,35244.59766,288723744
03-03-2019,tidaltv,334.0546875,2736576
03-03-2019,teads,49454.15625,405128448
03-03-2019,taboola,1898.085938,15549120
03-03-2019,appnexus,396.8085938,3250656
03-03-2019,dns,2209185.678,18097649072
03-03-2019,nielsen,552.4453125,4525632
03-03-2019,moat,2117.109375,17343360
03-03-2019,unknown,214735.0281,1759109350
03-03-2019,scorecardresearch,5320.265625,43583616
03-03-2019,new_relic,2148863.909,17603493145
03-03-2019,https,18781525.15,1.53858E+11
03-03-2019,lkqd,24948.98438,204382080
03-03-2019,cloudflare,361.828125,2964096
03-03-2019,bing,4199.625,34403328
03-03-2019,google_accounts,44812.96875,367107840
03-03-2019,mozilla,806740.5022,6608818194
03-03-2019,advertising_com,6517.019531,53387424
03-03-2019,youtube,455434425.7,3.73092E+12
03-03-2019,bootstrapcdn,2937.832031,24066720
03-03-2019,facebook,436382.0508,3574841760
03-03-2019,indexexchange,305.8945313,2505888
03-03-2019,sharepoint_online,564.9960938,4628448
03-03-2019,yahoo,23847.99609,195362784
03-03-2019,amazon,30299.66016,248214816
03-03-2019,bidswitch,1092.585938,8950464
03-03-2019,google_ads,791709.8047,6485686720
03-03-2019,skype,74891.49609,613511136
03-03-2019,rlcdn,667.3007813,5466528
03-03-2019,atlassolutions,2634.820313,21584448
03-03-2019,salesforce,4069891.263,33340549225
03-03-2019,adobe,43973.19141,360228384
03-03-2019,google_gen,1211439.981,9924116321
03-03-2019,http2,22084.69922,180917856
03-03-2019,ocsp,33271.18921,272557582
03-03-2019,tcp,5806.349609,47565616
03-03-2019,akamai,4832.261719,39585888
03-03-2019,aol_one,10612.26563,86935680
03-03-2019,google_tags,65441.49609,536096736
03-03-2019,firefox_update,108745.0292,890839279
03-03-2019,turn,476.015625,3899520
03-03-2019,krux,23251.32422,190474848
03-03-2019,ntp,35.40234375,290016
03-03-2019,mediamath,1886.132813,15451200
03-03-2019,yahoo_search,21953.70703,179844768
04-03-2019,rlcdn,667.3007813,5466528
04-03-2019,google_accounts,44812.96875,367107840
04-03-2019,sharepoint_online,564.9960938,4628448
04-03-2019,facebook,436382.0508,3574841760
04-03-2019,firefox_update,111129.6821,910374356
04-03-2019,salesforce,4271945.713,34995779283
04-03-2019,aol_one,10612.26563,86935680
04-03-2019,lkqd,24948.98438,204382080
04-03-2019,teads,49454.15625,405128448
04-03-2019,scorecardresearch,5320.265625,43583616
04-03-2019,google_tags,65441.49609,536096736
04-03-2019,adobe,43973.19141,360228384
04-03-2019,tcp,5828.555176,47747524
04-03-2019,mediamath,1886.132813,15451200
04-03-2019,appnexus,396.8085938,3250656
04-03-2019,tidaltv,334.0546875,2736576
04-03-2019,outbrain,22238.33203,182176416
04-03-2019,cloudflare,361.828125,2964096
04-03-2019,windowslive,4851.667969,39744864
04-03-2019,advertising_com,6517.019531,53387424
04-03-2019,yahoo_search,21953.70703,179844768
04-03-2019,http2,22084.69922,180917856
04-03-2019,https,19300777.75,1.58112E+11
04-03-2019,krux,23251.32422,190474848
04-03-2019,turn,476.015625,3899520
04-03-2019,new_relic,2255714.82,18478815802
04-03-2019,unknown,217472.8425,1781537526
04-03-2019,akamai,4832.261719,39585888
04-03-2019,moat,2117.109375,17343360
04-03-2019,nielsen,552.4453125,4525632
04-03-2019,google_ads,804873.573,6593524310
04-03-2019,taboola,1898.085938,15549120
04-03-2019,bootstrapcdn,2937.832031,24066720
04-03-2019,ocsp,33963.87305,278232048
04-03-2019,atlassolutions,2634.820313,21584448
04-03-2019,dns,2262793.144,18536801433
04-03-2019,bidswitch,1092.585938,8950464
04-03-2019,youtube,455447999.6,3.73103E+12
04-03-2019,linkedin,708.0117188,5800032
04-03-2019,indexexchange,305.8945313,2505888
04-03-2019,everest_tech,4576.078125,37487232
04-03-2019,mozilla,821943.0787,6733357701
04-03-2019,bing,4199.625,34403328
04-03-2019,microsoft,35244.59766,288723744
04-03-2019,google_analytics,10105.34766,82783008
04-03-2019,yahoo,23847.99609,195362784
04-03-2019,amazon,30299.66016,248214816
04-03-2019,ntp,37.40625,306432
04-03-2019,skype,74891.49609,613511136
04-03-2019,office365,96747.60938,792556416
04-03-2019,google_gen,1226063.575,10043912806
04-03-2019,gstatic,280773,2300092416
04-03-2019,optimizely,37391.51953,306311328
05-03-2019,taboola,1898.085938,15549120
05-03-2019,google_tags,65441.49609,536096736
05-03-2019,microsoft,35244.59766,288723744
05-03-2019,mediamath,1886.132813,15451200
05-03-2019,google_ads,817882.2803,6700091640
05-03-2019,bidswitch,1092.585938,8950464
05-03-2019,appnexus,396.8085938,3250656
05-03-2019,cloudflare,361.828125,2964096
05-03-2019,ntp,37.40625,306432
05-03-2019,salesforce,4482534.122,36720919526
05-03-2019,everest_tech,4576.078125,37487232
05-03-2019,bootstrapcdn,2937.832031,24066720
05-03-2019,advertising_com,6517.019531,53387424
05-03-2019,sharepoint_online,564.9960938,4628448
05-03-2019,amazon,30299.66016,248214816
05-03-2019,indexexchange,305.8945313,2505888
05-03-2019,google_accounts,44812.96875,367107840
05-03-2019,bing,4199.625,34403328
05-03-2019,lkqd,24948.98438,204382080
05-03-2019,dns,2317028.114,18981094312
05-03-2019,mozilla,837745.8389,6862813912
05-03-2019,yahoo,23847.99609,195362784
05-03-2019,facebook,436382.0508,3574841760
05-03-2019,https,19822110.77,1.62383E+11
05-03-2019,scorecardresearch,5320.265625,43583616
05-03-2019,new_relic,2363595.617,19362575297
05-03-2019,tcp,5867.222656,48064288
05-03-2019,nielsen,552.4453125,4525632
05-03-2019,unknown,224314.3531,1837583181
05-03-2019,moat,2117.109375,17343360
05-03-2019,youtube,455461461.7,3.73114E+12
05-03-2019,firefox_update,113513.2625,929900646
05-03-2019,turn,476.015625,3899520
05-03-2019,krux,23251.32422,190474848
05-03-2019,yahoo_search,21953.70703,179844768
05-03-2019,ocsp,34280.46497,280825569
05-03-2019,tidaltv,334.0546875,2736576
05-03-2019,atlassolutions,2634.820313,21584448
05-03-2019,linkedin,708.0117188,5800032
05-03-2019,adobe,43973.19141,360228384
05-03-2019,rlcdn,667.3007813,5466528
05-03-2019,office365,96747.60938,792556416
05-03-2019,akamai,4832.261719,39585888
05-03-2019,google_analytics,10105.34766,82783008
05-03-2019,http2,22084.69922,180917856
05-03-2019,skype,74891.49609,613511136
05-03-2019,windowslive,4851.667969,39744864
05-03-2019,aol_one,10612.26563,86935680
05-03-2019,teads,49454.15625,405128448
05-03-2019,outbrain,22238.33203,182176416
05-03-2019,optimizely,37391.51953,306311328
05-03-2019,gstatic,280773,2300092416
05-03-2019,google_gen,1240614.779,10163116272
06-03-2019,skype,74891.49609,613511136
06-03-2019,optimizely,37391.51953,306311328
06-03-2019,scorecardresearch,5320.265625,43583616
06-03-2019,youtube,455471774.5,3.73122E+12
06-03-2019,sharepoint_online,564.9960938,4628448
06-03-2019,facebook,436382.0508,3574841760
06-03-2019,krux,23251.32422,190474848
06-03-2019,https,20343114.05,1.66651E+11
06-03-2019,firefox_update,115812.8016,948738471
06-03-2019,tidaltv,334.0546875,2736576
06-03-2019,outbrain,22238.33203,182176416
06-03-2019,unknown,234928.0978,1924530977
06-03-2019,mozilla,856282.7301,7014668125
06-03-2019,bootstrapcdn,2937.832031,24066720
06-03-2019,indexexchange,305.8945313,2505888
06-03-2019,gstatic,280773,2300092416
06-03-2019,advertising_com,6517.019531,53387424
06-03-2019,lkqd,24948.98438,204382080
06-03-2019,bing,4199.625,34403328
06-03-2019,google_accounts,44812.96875,367107840
06-03-2019,amazon,30299.66016,248214816
06-03-2019,office365,96747.60938,792556416
06-03-2019,akamai,4832.261719,39585888
06-03-2019,yahoo_search,21953.70703,179844768
06-03-2019,google_tags,65441.49609,536096736
06-03-2019,ntp,37.40625,306432
06-03-2019,teads,49454.15625,405128448
06-03-2019,aol_one,10612.26563,86935680
06-03-2019,google_gen,1255136.216,10282075882
06-03-2019,everest_tech,4576.078125,37487232
06-03-2019,microsoft,35244.59766,288723744
06-03-2019,cloudflare,361.828125,2964096
06-03-2019,http2,22084.69922,180917856
06-03-2019,salesforce,4688798.134,38410634316
06-03-2019,adobe,43973.19141,360228384
06-03-2019,bidswitch,1092.585938,8950464
06-03-2019,new_relic,2471143.31,20243605997
06-03-2019,rlcdn,667.3007813,5466528
06-03-2019,linkedin,708.0117188,5800032
06-03-2019,google_ads,827579.7815,6779533570
06-03-2019,windowslive,4851.667969,39744864
06-03-2019,turn,476.015625,3899520
06-03-2019,yahoo,23847.99609,195362784
06-03-2019,ocsp,34430.62061,282055644
06-03-2019,tcp,6055.290161,49604937
06-03-2019,appnexus,396.8085938,3250656
06-03-2019,nielsen,552.4453125,4525632
06-03-2019,taboola,1898.085938,15549120
06-03-2019,moat,2117.109375,17343360
06-03-2019,google_analytics,10105.34766,82783008
06-03-2019,mediamath,1886.132813,15451200
06-03-2019,atlassolutions,2634.820313,21584448
06-03-2019,dns,2370899.564,19422409232
07-03-2019,taboola,1884.904785,15441140
07-03-2019,yahoo,25309.64185,207336586
07-03-2019,google_gen,1275052.467,10445229807
07-03-2019,facebook,458794.7539,3758446624
07-03-2019,tcp,6619.271484,54225072
07-03-2019,aol_one,10538.56934,86331960
07-03-2019,skype,79085.58167,647869085
07-03-2019,linkedin,703.0949707,5759754
07-03-2019,google_accounts,44501.76758,364558480
07-03-2019,cloudflare,684.5821533,5608097
07-03-2019,optimizely,41013.52966,335982835
07-03-2019,office365,101862.9384,834461191
07-03-2019,amazon,33770.98779,276651932
07-03-2019,rlcdn,662.666748,5428566
07-03-2019,mediamath,2166.944946,17751613
07-03-2019,dns,2420920.595,19832181511
07-03-2019,windowslive,5112.620361,41882586
07-03-2019,yahoo_search,23791.65894,194901270
07-03-2019,youtube,467100319.6,3.82649E+12
07-03-2019,google_ads,836617.3195,6853569081
07-03-2019,tidaltv,331.7348633,2717572
07-03-2019,bidswitch,1084.998535,8888308
07-03-2019,nielsen,772.5092773,6328396
07-03-2019,outbrain,25808.63452,211424334
07-03-2019,microsoft,39269.89319,321698965
07-03-2019,ntp,37.14648438,304304
07-03-2019,krux,26149.74084,214218677
07-03-2019,gstatic,283102.7317,2319177578
07-03-2019,akamai,6817.765015,55851131
07-03-2019,lkqd,27304.47656,223678272
07-03-2019,bootstrapcdn,3374.185547,27641328
07-03-2019,turn,472.7099609,3872440
07-03-2019,http2,39051.25781,319907904
07-03-2019,ocsp,38732.81848,317299249
07-03-2019,everest_tech,5109.261719,41855072
07-03-2019,google_analytics,10491.58179,85947038
07-03-2019,atlassolutions,2857.812012,23411196
07-03-2019,scorecardresearch,5899.399414,48327880
07-03-2019,mozilla,868824.6437,7117411481
07-03-2019,firefox_update,117021.3956,958639273
07-03-2019,new_relic,2559768.265,20969621626
07-03-2019,adobe,47913.60327,392508238
07-03-2019,advertising_com,7200.104248,58983254
07-03-2019,bing,4533.612305,37139352
07-03-2019,indexexchange,303.7702637,2488486
07-03-2019,salesforce,4908643.371,40211606498
07-03-2019,unknown,255647.0769,2094260854
07-03-2019,appnexus,394.0529785,3228082
07-03-2019,https,20836084.73,1.70689E+11
07-03-2019,teads,55300.80273,453024176
07-03-2019,moat,2102.407227,17222920
07-03-2019,sharepoint_online,561.0725098,4596306
07-03-2019,google_tags,73527.54126,602337618
08-03-2019,indexexchange,305.8945313,2505888
08-03-2019,http2,43414.45313,355651200
08-03-2019,advertising_com,7421.167969,60794208
08-03-2019,akamai,7338.445313,60116544
08-03-2019,google_gen,1301619.713,10662868689
08-03-2019,ntp,37.40625,306432
08-03-2019,google_accounts,44812.96875,367107840
08-03-2019,new_relic,2684143.344,21988502275
08-03-2019,adobe,49243.81641,403405344
08-03-2019,microsoft,40539.58594,332100288
08-03-2019,google_ads,845886.375,6929501184
08-03-2019,mozilla,891915.4001,7306570958
08-03-2019,bidswitch,1092.585938,8950464
08-03-2019,unknown,277252.1433,2271249558
08-03-2019,dns,2500583.062,20484776441
08-03-2019,https,21630857.49,1.772E+11
08-03-2019,moat,2117.109375,17343360
08-03-2019,taboola,1898.085938,15549120
08-03-2019,bing,4650.433594,38096352
08-03-2019,nielsen,830.390625,6802560
08-03-2019,sharepoint_online,564.9960938,4628448
08-03-2019,amazon,34864.13672,285607008
08-03-2019,facebook,467988.5742,3833762400
08-03-2019,tcp,7064.335938,57871040
08-03-2019,cloudflare,767.3554688,6286176
08-03-2019,windowslive,5217.433594,42741216
08-03-2019,salesforce,5121768.639,41957528693
08-03-2019,google_tags,76043.49609,622948320
08-03-2019,appnexus,396.8085938,3250656
08-03-2019,aol_one,10612.26563,86935680
08-03-2019,teads,57171.65625,468350208
08-03-2019,atlassolutions,2934.351563,24038208
08-03-2019,google_analytics,10671.92578,87424416
08-03-2019,rlcdn,667.3007813,5466528
08-03-2019,yahoo_search,24424.55859,200085984
08-03-2019,scorecardresearch,6085.054688,49848768
08-03-2019,youtube,475284702.1,3.89353E+12
08-03-2019,mediamath,2252.566406,18453024
08-03-2019,tidaltv,334.0546875,2736576
08-03-2019,ocsp,40043.42578,328035744
08-03-2019,turn,476.015625,3899520
08-03-2019,bootstrapcdn,3507.292969,28731744
08-03-2019,office365,103933.2305,851421024
08-03-2019,linkedin,708.0117188,5800032
08-03-2019,skype,80736.01172,661389408
08-03-2019,gstatic,286667.2969,2348378496
08-03-2019,optimizely,42209.40234,345779424
08-03-2019,everest_tech,5277.410156,43232544
08-03-2019,yahoo,25868.03906,211910976
08-03-2019,outbrain,26860.60547,220042080
08-03-2019,lkqd,28088.12109,230097888
08-03-2019,krux,27043.83984,221543136
08-03-2019,firefox_update,120163.3715,984378339
09-03-2019,adobe,49072.83093,402004631
09-03-2019,tcp,7076.742676,57972676
09-03-2019,advertising_com,7395.400024,60583117
09-03-2019,google_accounts,44657.36816,365833160
09-03-2019,turn,474.362793,3885980
09-03-2019,windowslive,5199.317505,42592809
09-03-2019,unknown,282520.4886,2314407843
09-03-2019,google_analytics,10634.87048,87120859
09-03-2019,tidaltv,332.8947754,2727074
09-03-2019,google_ads,842949.2695,6905440416
09-03-2019,akamai,7312.9646,59907806
09-03-2019,firefox_update,121926.8838,998825032
09-03-2019,teads,56973.14355,466723992
09-03-2019,linkedin,705.5533447,5779893
09-03-2019,salesforce,5270847.745,43178784728
09-03-2019,krux,26949.93762,220773889
09-03-2019,ntp,37.27636719,305368
09-03-2019,everest_tech,5259.085815,43082431
09-03-2019,bootstrapcdn,3495.114868,28631981
09-03-2019,microsoft,40398.82349,330947162
09-03-2019,bidswitch,1088.792236,8919386
09-03-2019,sharepoint_online,563.0343018,4612377
09-03-2019,yahoo,25778.21948,211175174
09-03-2019,moat,2109.758301,17283140
09-03-2019,dns,2548357.455,20876144268
09-03-2019,rlcdn,664.9837646,5447547
09-03-2019,nielsen,827.5073242,6778940
09-03-2019,indexexchange,304.8323975,2497187
09-03-2019,new_relic,2781372.131,22785000495
09-03-2019,scorecardresearch,6063.926025,49675682
09-03-2019,https,22192696.58,1.81803E+11
09-03-2019,mozilla,903410.2487,7400736757
09-03-2019,google_tags,75779.45618,620785305
09-03-2019,appnexus,395.4307861,3239369
09-03-2019,http2,43263.7085,354416300
09-03-2019,aol_one,10575.41748,86633820
09-03-2019,facebook,466363.6139,3820450725
09-03-2019,amazon,34743.08069,284615317
09-03-2019,ocsp,39984.56311,327553541
09-03-2019,gstatic,285671.9243,2340224404
09-03-2019,office365,103572.3512,848464701
09-03-2019,lkqd,27990.5929,229298937
09-03-2019,atlassolutions,2924.162842,23954742
09-03-2019,taboola,1891.495361,15495130
09-03-2019,google_gen,1310932.864,10739162021
09-03-2019,youtube,473634408,3.88001E+12
09-03-2019,optimizely,42062.84192,344578801
09-03-2019,skype,80455.67834,659092917
09-03-2019,cloudflare,764.69104,6264349
09-03-2019,bing,4634.286255,37964073
09-03-2019,outbrain,26767.33948,219278045
09-03-2019,mediamath,2244.744995,18388951
09-03-2019,yahoo_search,24339.7511,199391241
10-03-2019,atlassolutions,2913.974121,23871276
10-03-2019,akamai,7287.483887,59699068
10-03-2019,gstatic,284676.5518,2332070312
10-03-2019,teads,56774.63086,465097776
10-03-2019,mozilla,915488.0587,7499678177
10-03-2019,unknown,284633.6099,2331718532
10-03-2019,https,22751699.38,1.86382E+11
10-03-2019,http2,43112.96387,353181400
10-03-2019,tidaltv,331.7348633,2717572
10-03-2019,office365,103211.4719,845508378
10-03-2019,new_relic,2876319.687,23562810877
10-03-2019,google_analytics,10597.81519,86817302
10-03-2019,ntp,40.46777344,331512
10-03-2019,rlcdn,662.666748,5428566
10-03-2019,nielsen,824.6240234,6755320
10-03-2019,turn,472.7099609,3872440
10-03-2019,google_tags,75515.41626,618622290
10-03-2019,adobe,48901.84546,400603918
10-03-2019,optimizely,41916.28149,343378178
10-03-2019,bidswitch,1084.998535,8888308
10-03-2019,everest_tech,5240.761475,42932318
10-03-2019,dns,2595065.702,21258778228
10-03-2019,google_ads,840012.1641,6881379648
10-03-2019,outbrain,26674.07349,218514010
10-03-2019,amazon,34622.02466,283623626
10-03-2019,ocsp,40227.35474,329542490
10-03-2019,youtube,471984113.8,3.86649E+12
10-03-2019,cloudflare,762.0266113,6242522
10-03-2019,krux,26856.0354,220004642
10-03-2019,facebook,464738.6536,3807139050
10-03-2019,appnexus,394.0529785,3228082
10-03-2019,tcp,7093.514648,58110072
10-03-2019,bootstrapcdn,3482.936768,28532218
10-03-2019,microsoft,40258.06104,329794036
10-03-2019,google_gen,1320077.757,10814076989
10-03-2019,sharepoint_online,561.0725098,4596306
10-03-2019,skype,80175.34497,656796426
10-03-2019,moat,2102.407227,17222920
10-03-2019,windowslive,5181.201416,42444402
10-03-2019,aol_one,10538.56934,86331960
10-03-2019,mediamath,2236.923584,18324878
10-03-2019,indexexchange,303.7702637,2488486
10-03-2019,yahoo_search,24254.9436,198696498
10-03-2019,taboola,1884.904785,15441140
10-03-2019,lkqd,27893.0647,228499986
10-03-2019,scorecardresearch,6042.797363,49502596
10-03-2019,yahoo,25688.3999,210439372
10-03-2019,bing,4618.138916,37831794
10-03-2019,firefox_update,124098.3571,1016613741
10-03-2019,salesforce,5412135.783,44336216333
10-03-2019,advertising_com,7369.63208,60372026
10-03-2019,linkedin,703.0949707,5759754
10-03-2019,google_accounts,44501.76758,364558480
11-03-2019,lkqd,28088.12109,230097888
11-03-2019,google_accounts,44812.96875,367107840
11-03-2019,linkedin,708.0117188,5800032
11-03-2019,atlassolutions,2934.351563,24038208
11-03-2019,akamai,7338.445313,60116544
11-03-2019,windowslive,5217.433594,42741216
11-03-2019,dns,2669657.898,21869837501
11-03-2019,cloudflare,767.3554688,6286176
11-03-2019,advertising_com,7421.167969,60794208
11-03-2019,mozilla,937547.0342,7680385304
11-03-2019,unknown,289568.4165,2372144468
11-03-2019,https,23549686.59,1.92919E+11
11-03-2019,bing,4650.433594,38096352
11-03-2019,new_relic,3002351.224,24595261227
11-03-2019,indexexchange,305.8945313,2505888
11-03-2019,mediamath,2252.566406,18453024
11-03-2019,moat,2117.109375,17343360
11-03-2019,bidswitch,1092.585938,8950464
11-03-2019,microsoft,40539.58594,332100288
11-03-2019,google_ads,845886.375,6929501184
11-03-2019,bootstrapcdn,3507.292969,28731744
11-03-2019,ntp,42.75,350208
11-03-2019,krux,27043.83984,221543136
11-03-2019,http2,43414.45313,355651200
11-03-2019,nielsen,830.390625,6802560
11-03-2019,ocsp,40952.90112,335486166
11-03-2019,turn,476.015625,3899520
11-03-2019,google_analytics,10671.92578,87424416
11-03-2019,scorecardresearch,6085.054688,49848768
11-03-2019,everest_tech,5277.410156,43232544
11-03-2019,sharepoint_online,564.9960938,4628448
11-03-2019,youtube,475284702.1,3.89353E+12
11-03-2019,yahoo_search,24424.55859,200085984
11-03-2019,tcp,7183.977539,58851144
11-03-2019,facebook,467988.5742,3833762400
11-03-2019,salesforce,5590720.944,45799185974
11-03-2019,tidaltv,334.0546875,2736576
11-03-2019,appnexus,396.8085938,3250656
11-03-2019,outbrain,26860.60547,220042080
11-03-2019,yahoo,25868.03906,211910976
11-03-2019,aol_one,10612.26563,86935680
11-03-2019,teads,57171.65625,468350208
11-03-2019,firefox_update,127293.0159,1042784386
11-03-2019,skype,80736.01172,661389408
11-03-2019,adobe,49243.81641,403405344
11-03-2019,optimizely,42209.40234,345779424
11-03-2019,amazon,34864.13672,285607008
11-03-2019,rlcdn,667.3007813,5466528
11-03-2019,taboola,1898.085938,15549120
11-03-2019,google_gen,1342894.967,11000995569
11-03-2019,gstatic,286667.2969,2348378496
11-03-2019,google_tags,76043.49609,622948320
11-03-2019,office365,103933.2305,851421024
12-03-2019,youtube,473634408,3.88001E+12
12-03-2019,bing,4634.286255,37964073
12-03-2019,teads,56973.14355,466723992
12-03-2019,https,24111290.59,1.9752E+11
12-03-2019,advertising_com,7395.400024,60583117
12-03-2019,unknown,297315.1656,2435605837
12-03-2019,firefox_update,128982.4167,1056623958
12-03-2019,salesforce,5700218.259,46696187980
12-03-2019,rlcdn,664.9837646,5447547
12-03-2019,mozilla,951859.3944,7797632159
12-03-2019,moat,2109.758301,17283140
12-03-2019,google_accounts,44657.36816,365833160
12-03-2019,amazon,34743.08069,284615317
12-03-2019,linkedin,705.5533447,5779893
12-03-2019,taboola,1891.495361,15495130
12-03-2019,lkqd,27990.5929,229298937
12-03-2019,windowslive,5199.317505,42592809
12-03-2019,skype,80455.67834,659092917
12-03-2019,google_gen,1351563.036,11072004393
12-03-2019,aol_one,10575.41748,86633820
12-03-2019,mediamath,2244.744995,18388951
12-03-2019,cloudflare,764.69104,6264349
12-03-2019,krux,26949.93762,220773889
12-03-2019,facebook,466363.6139,3820450725
12-03-2019,bootstrapcdn,3495.114868,28631981
12-03-2019,sharepoint_online,563.0343018,4612377
12-03-2019,microsoft,40398.82349,330947162
12-03-2019,scorecardresearch,6063.926025,49675682
12-03-2019,indexexchange,304.8323975,2497187
12-03-2019,tcp,7285.355957,59681636
12-03-2019,yahoo,25778.21948,211175174
12-03-2019,outbrain,26767.33948,219278045
12-03-2019,http2,43263.7085,354416300
12-03-2019,ntp,42.6015625,348992
12-03-2019,google_analytics,10634.87048,87120859
12-03-2019,tidaltv,332.8947754,2727074
12-03-2019,akamai,7312.9646,59907806
12-03-2019,dns,2717246.158,22259680524
12-03-2019,yahoo_search,24339.7511,199391241
12-03-2019,google_ads,842949.2695,6905440416
12-03-2019,atlassolutions,2924.162842,23954742
12-03-2019,optimizely,42062.84192,344578801
12-03-2019,appnexus,395.4307861,3239369
12-03-2019,turn,474.362793,3885980
12-03-2019,everest_tech,5259.085815,43082431
12-03-2019,new_relic,3098796.757,25385343037
12-03-2019,adobe,49072.83093,402004631
12-03-2019,google_tags,75779.45618,620785305
12-03-2019,nielsen,827.5073242,6778940
12-03-2019,office365,103572.3512,848464701
12-03-2019,gstatic,285671.9243,2340224404
12-03-2019,bidswitch,1088.792236,8919386
12-03-2019,ocsp,41916.08948,343376605
13-03-2019,office365,106562.8594,872962944
13-03-2019,google_accounts,49244.84619,403413780
13-03-2019,facebook,486957.6207,3989156829
13-03-2019,krux,28063.8269,229898870
13-03-2019,tidaltv,332.8947754,2727074
13-03-2019,aol_one,10575.41748,86633820
13-03-2019,mediamath,2244.744995,18388951
13-03-2019,optimizely,46438.06421,380420622
13-03-2019,google_gen,1375593.575,11268862564
13-03-2019,akamai,7450.439575,61034001
13-03-2019,atlassolutions,3092.139771,25330809
13-03-2019,amazon,38255.64368,313390233
13-03-2019,youtube,508880819.7,4.16875E+12
13-03-2019,taboola,1891.495361,15495130
13-03-2019,http2,44463.01917,364241053
13-03-2019,windowslive,5405.677368,44283309
13-03-2019,lkqd,27990.5929,229298937
13-03-2019,turn,474.362793,3885980
13-03-2019,skype,82828.88086,678534192
13-03-2019,linkedin,705.5533447,5779893
13-03-2019,gstatic,293431.2485,2403788788
13-03-2019,bootstrapcdn,3495.114868,28631981
13-03-2019,google_analytics,11307.01404,92627059
13-03-2019,sharepoint_online,563.0343018,4612377
13-03-2019,new_relic,3206714.214,26269402839
13-03-2019,mozilla,968590.1042,7934690134
13-03-2019,rlcdn,664.9837646,5447547
13-03-2019,teads,62148.30066,509118879
13-03-2019,nielsen,827.5073242,6778940
13-03-2019,unknown,308524.8856,2527435863
13-03-2019,google_tags,82638.44482,676974140
13-03-2019,bidswitch,1261.312744,10332674
13-03-2019,https,24790190.86,2.03081E+11
13-03-2019,everest_tech,5490.287476,44976435
13-03-2019,advertising_com,7395.400024,60583117
13-03-2019,appnexus,395.4307861,3239369
13-03-2019,yahoo_search,26998.38599,221170778
13-03-2019,salesforce,5930695.324,48584256097
13-03-2019,adobe,52243.47998,427978588
13-03-2019,yahoo,26792.37012,219483096
13-03-2019,firefox_update,131344.502,1075974160
13-03-2019,google_ads,865100.4302,7086902724
13-03-2019,moat,2109.758301,17283140
13-03-2019,quantcast,139.4403076,1142295
13-03-2019,dns,2798747.751,22927341578
13-03-2019,scorecardresearch,6501.389282,53259381
13-03-2019,indexexchange,304.8323975,2497187
13-03-2019,cloudflare,764.69104,6264349
13-03-2019,microsoft,43988.31946,360352313
13-03-2019,outbrain,29147.62366,238777333
13-03-2019,tcp,7466.83252,61168292
13-03-2019,ntp,42.6015625,348992
13-03-2019,bing,4907.074341,40198753
13-03-2019,ocsp,43034.21558,352536294
14-03-2019,adobe,54339.11865,445146060
14-03-2019,yahoo,27393.81592,224410140
14-03-2019,google_accounts,52466.85791,429808500
14-03-2019,advertising_com,7343.864136,60160935
14-03-2019,bing,5084.877319,41655315
14-03-2019,moat,2095.056152,17162700
14-03-2019,microsoft,46457.33093,380578455
14-03-2019,bootstrapcdn,3470.758667,28432455
14-03-2019,mediamath,2229.102173,18260805
14-03-2019,lkqd,27795.5365,227701035
14-03-2019,youtube,549520105.5,4.50167E+12
14-03-2019,linkedin,700.6365967,5739615
14-03-2019,krux,28730.65796,235361550
14-03-2019,cloudflare,759.3621826,6220695
14-03-2019,mozilla,993165.1234,8136008691
14-03-2019,indexexchange,302.7081299,2479785
14-03-2019,dns,2891157.794,23684364645
14-03-2019,http2,45083.15918,369321240
14-03-2019,gstatic,302546.7195,2478462726
14-03-2019,everest_tech,5631.707153,46134945
14-03-2019,google_tags,87463.34106,716499690
14-03-2019,facebook,499568.9227,4092468615
14-03-2019,google_gen,1404820.83,11508292239
14-03-2019,firefox_update,132801.6736,1087911310
14-03-2019,google_analytics,11750.57922,96260745
14-03-2019,google_ads,890804.1875,7297467904
14-03-2019,https,25280421.12,2.07097E+11
14-03-2019,windowslive,5528.380737,45288495
14-03-2019,new_relic,3290907.268,26959112338
14-03-2019,bidswitch,1384.713135,11343570
14-03-2019,unknown,316288.1234,2591032307
14-03-2019,akamai,7505.359497,61483905
14-03-2019,turn,471.0571289,3858900
14-03-2019,tidaltv,330.5749512,2708070
14-03-2019,teads,65734.70032,538498665
14-03-2019,tcp,7688.158081,62981391
14-03-2019,amazon,40709.9469,333495885
14-03-2019,taboola,1878.314209,15387150
14-03-2019,skype,84079.48792,688779165
14-03-2019,aol_one,10501.72119,86030100
14-03-2019,nielsen,821.7407227,6731700
14-03-2019,sharepoint_online,559.1107178,4580235
14-03-2019,salesforce,6214965.565,50912997906
14-03-2019,rlcdn,660.3497314,5409585
14-03-2019,appnexus,392.6751709,3216795
14-03-2019,quantcast,246.8353271,2022075
14-03-2019,outbrain,30790.4718,252235545
14-03-2019,optimizely,49510.64392,405591195
14-03-2019,office365,108144.3494,885918510
14-03-2019,ocsp,43585.52783,357052644
14-03-2019,atlassolutions,3201.135864,26223705
14-03-2019,ntp,42.3046875,346560
14-03-2019,scorecardresearch,6796.060181,55673325
14-03-2019,yahoo_search,28874.89746,236543160
15-03-2019,ntp,21.8203125,178752
15-03-2019,adobe,28027.54541,229601652
15-03-2019,new_relic,1738930.841,14245321447
15-03-2019,mozilla,519472.9299,4255522242
15-03-2019,bing,2622.726196,21485373
15-03-2019,moat,1080.60791,8852340
15-03-2019,microsoft,23962.20227,196298361
15-03-2019,bootstrapcdn,1790.180786,14665161
15-03-2019,mediamath,1149.747437,9418731
15-03-2019,lkqd,14336.64514,117445797
15-03-2019,linkedin,361.3809814,2960433
15-03-2019,krux,14818.97095,121397010
15-03-2019,cloudflare,391.6710205,3208569
15-03-2019,indexexchange,156.133667,1279047
15-03-2019,https,13285542.34,1.08835E+11
15-03-2019,dns,1518527.443,12439776811
15-03-2019,http2,23253.41895,190492008
15-03-2019,gstatic,158151.5,1295577088
15-03-2019,everest_tech,2904.775269,23795919
15-03-2019,google_tags,45112.67065,369562998
15-03-2019,facebook,257672.3917,2110852233
15-03-2019,google_gen,738158.2966,6046992766
15-03-2019,firefox_update,69481.9043,569195760
15-03-2019,google_analytics,6060.825073,49650279
15-03-2019,google_ads,465209.9636,3811000022
15-03-2019,nielsen,423.8452148,3472140
15-03-2019,yahoo_search,14893.36816,122006472
15-03-2019,bidswitch,714.220459,5850894
15-03-2019,atlassolutions,1651.112183,13525911
15-03-2019,yahoo,14129.44189,115748388
15-03-2019,windowslive,2851.480591,23359329
15-03-2019,advertising_com,3787.887817,31030377
15-03-2019,unknown,171438.3802,1404423211
15-03-2019,akamai,3871.185425,31712751
15-03-2019,turn,242.9663086,1990380
15-03-2019,tidaltv,170.5070801,1396794
15-03-2019,teads,33905.26648,277751943
15-03-2019,tcp,4167.774292,34142407
15-03-2019,amazon,20997.76208,172013667
15-03-2019,taboola,968.8146973,7936530
15-03-2019,skype,43367.31482,355265043
15-03-2019,aol_one,5416.677246,44373420
15-03-2019,sharepoint_online,288.3834229,2362437
15-03-2019,scorecardresearch,3505.336304,28715715
15-03-2019,salesforce,3257435.226,26684909372
15-03-2019,rlcdn,340.6014404,2790207
15-03-2019,appnexus,202.5377197,1659189
15-03-2019,quantcast,127.3150635,1042965
15-03-2019,outbrain,15881.40125,130100439
15-03-2019,optimizely,25537.06897,209199669
15-03-2019,office365,55779.71704,456947442
15-03-2019,ocsp,22570.22424,184895277
15-03-2019,google_accounts,27061.85303,221690700
15-03-2019,youtube,283441508.1,2.32195E+12
